date,EURGBP,EURAUD,EURNZD,EURUSD,EURCAD,EURCHF,EURNOK,EURSEK,EURJPY,GBPAUD,GBPNZD,GBPUSD,GBPCAD,GBPCHF,GBPNOK,GBPSEK,GBPJPY,AUDNZD,AUDUSD,AUDCAD,AUDCHF,AUDNOK,AUDSEK,AUDJPY,NZDUSD,NZDCAD,NZDCHF,NZDNOK,NZDSEK,NZDJPY,USDCAD,USDCHF,USDNOK,USDSEK,USDJPY,CADCHF,CADNOK,CADSEK,CADJPY,CHFNOK,CHFSEK,CHFJPY,NOKSEK,NOKJPY,SEKJPY
2000-01-31,0.0,0.0,-0.004599025370566797,-0.0,0.013738004836822795,0.00015763885174046617,-0.0,-0.0,0.013927948136074833,0.0,0.006512793333120688,-0.0,0.02484982354051028,0.011269457555427952,-0.0,-0.0,0.002816129432387347,-0.0,-0.0,0.03653539379222537,-0.0,-0.0,-0.0,-0.008869440819327742,-0.0,-0.0,-0.0,-0.009143821657594899,-0.02426118678177613,0.009628922765508035,-0.0,0.0,0.008991249643870814,-0.0,0.027913994066973747,0.0,0.009193208549794694,-0.005924156574386536,0.027965952972897626,-0.004387157435287635,-0.019504522559468867,0.014385586987815299,-0.0,0.017872744423102934,0.03299010954728416
2000-02-29,-0.0,0.0,-0.0003,-0.0,0.006367012402187164,0.008450257779463467,-0.0,-0.0,-0.0717575132234978,0.0,-0.0003,0.0,-0.012064312071067876,-0.009981066693791573,0.0,-0.0,-0.05332618875024276,-0.0,-0.0,-0.0003,-0.0,-0.009402504119643284,-0.0,-0.07792632166637325,0.0,0.0,0.0,0.02555316864669669,-0.0006,-0.043570648900033274,0.0,0.0,0.0066308102144955975,-0.0,-0.06249300733223437,-0.0,0.0037333167254193314,-0.0006,-0.06539050082131063,0.005816562102695634,-0.0006,-0.06330725544403433,-0.0,-0.06912381754672997,-0.050929685228019925
2000-03-31,-0.0,-0.0,-0.0,-0.0,-0.0003,-0.0003,0.006016031117159263,-0.0,0.0007723043949516423,0.0,0.0010933095892597371,0.022848281916140894,-0.0003,-0.016105568356391542,0.037087282368035636,0.0,0.03184355564582802,0.016334506753742973,-0.0,-0.0,-0.0011643711919083043,0.0224460852035524,0.0,0.01660235848134478,-0.0,-0.0,0.0,0.03908059195729538,0.01739748804438735,0.03323686523508776,0.0,0.0,0.060685564284176534,0.0,0.05484183756196891,0.0,0.04098381735215504,0.0,0.03514009062994742,0.021581714011644097,-0.00010138990126392852,0.015737987289436477,0.020483103912908026,-0.0006,0.015239377190700405
2000-04-30,0.06256966824996031,0.0,0.0,0.0,0.0,0.0,0.020598824396473158,0.0,0.02685563093374919,0.015932329838059808,-0.02126942603226689,0.03878892977845716,-0.0,0.057793874760769415,-0.0006,-0.0,-0.03601403731621112,-0.0003,-0.0,-0.0,-0.0003,-0.02603851401542734,-0.0,-0.019781707478151306,-0.0,-0.049060322794930576,-0.0,-0.06354026988575404,-0.05595543910439811,-0.05728346334847801,0.0,-0.0,-0.0034819140750299896,0.0,0.0027748924622460437,-0.0,-0.014779947090823467,-0.0,-0.008523140553547432,0.015523030907282269,0.023107861688638195,0.021779837444558303,-0.0006,0.0,-0.0013280242440798949
2000-05-31,-0.0003,-0.0,0.0044766756227159876,0.0,0.0,-0.0,-0.0006,0.0,0.011159887716935598,0.034280779121789284,0.015133564363814345,-0.010348272161809401,0.0007503823450899488,-0.0003,-0.0,-0.0,0.0008029989758372401,-0.019447214757974937,0.0,0.0,0.0,-0.0006,0.02767687155065854,0.03508377809762652,0.025331836525623746,0.014083182018724397,-0.006001186193832818,-0.013311072856470582,0.009129656792683603,0.015936563339651585,-0.0,-0.0,-0.0006,-0.0,-0.009545273185972161,-0.0,-0.0006,-0.0,0.0018533813209271888,-0.0006,-0.0006,0.021637749533484404,0.0,0.028647636196122168,0.006806906546967983
2000-06-30,-0.021660700777330278,0.0,-0.0009649002216769453,-0.0,-0.0,-0.0,0.0,0.0,0.0066840543377222755,-0.021537092233896108,-0.02232560099900722,0.010179969405924073,0.004028976504337455,0.0,-0.023076037107353828,0.0,0.028044755115052552,-0.0003,-0.0,-0.0,-0.0,0.0,0.009594727745875033,0.006507662881156444,-0.032505570404931294,-0.0003,-0.007463259752598764,-0.0006,0.008806218980763919,0.00571915411604533,0.0,0.0,0.0,0.0,0.038224724520976625,0.0,0.0,0.0,0.032073731619390006,0.0,0.0,0.013182413868644095,0.0,0.005568718007698724,-0.003087064864718589
2000-07-31,-0.0003,-0.0,-0.01713119803113665,-0.0,-0.0,0.0,-0.0,-0.0,-0.06715464399754892,-0.0003,-0.029631384362669162,0.03215029425108056,0.04233621035529626,0.0,0.007370426362317186,-0.0,-0.054654457666016405,-0.05768266749265703,-0.0,-0.0,0.0,0.0,-0.0006,-0.026903174536028533,-0.061781678613749724,-0.0,-0.016125541728427895,-0.0,-0.03015987598926842,-0.08428584202868557,-0.0,0.0,0.0,0.0,-0.022504163414935843,0.0,0.0,0.0,-0.012318247310720148,-0.0,-0.0,-0.06816030030025767,0.006241934735717929,-0.04728403130369922,-0.05412596603941715
2000-08-31,-0.0,-0.05646327714167906,-0.0003,-0.0,0.0,-0.0,0.007433991664579306,0.0,0.010263146548989776,-0.08111628326574562,-0.0644237389947714,-0.00015,-0.0003,0.0,-0.016619014459487255,0.0,0.03491615267305634,-0.0003,-0.06281713101765517,-0.038843231679981265,-0.06969175682228718,-0.0,-0.04178544538363589,-0.045900130592689284,-0.046274586746680946,-0.02245068740900704,-0.0003,-0.0,-0.02479290111266166,-0.029507586321715056,0.0,-0.0,0.0009301377886031928,0.0,0.01676700042496589,-0.0,0.0250540371262771,-0.0,-0.007356898912708017,-0.005794488016028821,0.0,0.023491626229597905,0.02301182342262248,0.018297138213569084,-0.004714685209053396
2000-09-30,-0.0,-0.0021867535312350486,-0.0,-0.0,-0.0,0.0,0.020107116823114005,-0.0,-0.02546982835720307,-0.02471146046898629,-0.0003,-0.0,-0.0,0.0,-0.0024175901146372344,0.0,-0.0029451214194518294,-0.0,-0.04438312595363599,-0.030377575003731234,-0.001415668644383937,-0.0,-0.004481931222751416,-0.027656581888438118,-0.02812179841646678,-0.014116247466562024,0.0,0.005432542817179843,-0.0006,-0.011395254351268907,0.0,0.0,-0.022089255599286938,0.0,0.016726544065197874,0.0,-0.00808370464938218,0.0,0.0027209931152931167,0.020878201709965117,-0.0,-0.02624091324405418,0.017811939131597638,-0.005362711534089064,-0.0231746506656867
2000-10-31,0.04342119458415843,-0.0003,-0.0,0.022607052453133786,0.028436642757610667,-0.0,-0.0006,0.028740785398339963,0.04414167454108264,0.03626890358314102,-0.0,-0.0,-0.0,-0.0,0.020842102756542503,-0.0,0.0004204799569242079,-0.017280138360904473,0.015304761452116377,0.021284351756593257,-0.0003,0.0,0.02188849439732255,0.03668938354006523,-0.00015,-0.0003,0.0,-0.03240693918750299,0.0,0.0536695219009697,0.0,-0.0,-0.0001220393744821398,0.0,0.021384622087948852,0.03787169225964735,0.0058575509299947405,0.0,-0.0003,-0.03231414132965261,0.03817583490037664,0.05357672404311932,0.006461693570724035,0.02126258271346671,-0.0006
2000-11-30,0.02465772878260806,0.0,-0.0027435387079662223,0.07534081208884345,0.0522414703970302,0.0,0.020897008401660404,0.016434983715193877,0.11091369414039837,0.0041955090048213795,-0.0,0.0,0.0,0.015838911481502307,-0.0006,-0.0,0.08625596535779032,-0.0229057584857529,0.054878592311056774,0.03177925061924352,-0.0,0.00043478862387372533,-0.0040272360625928025,0.0904514743626117,0.0,0.0,-0.011262356009071972,-0.0006,0.0,0.1133572328483646,-0.0,-0.0,-0.0006,-0.0,0.03557288205155492,0.04372265309592445,0.030744461995369794,-0.0,0.0,-0.0006,0.007916166414088127,0.10239487683929263,-0.0006,0.08941668573873797,0.0938787104252045
2000-12-31,0.013534449373997596,0.0,-0.0003,-0.010016365882065123,-0.009391365882065123,0.0,-0.006543322887848368,-0.0006,0.01287466793636278,0.008849474620162634,0.023702894829765796,-0.0,-0.0,0.007380942293687957,-0.0,0.012568679108034303,-0.0006597814376348154,-0.0003,-0.014701340635900085,-0.014076340635900084,0.0,-0.01122829764168333,-0.0006,0.008189693182527819,0.0,0.0007770795737030794,-0.0003,0.0,0.0,0.023343113392130983,0.0,-0.016319872962374762,0.0,-0.010982136148028416,0.022891033818427903,-0.015544872962374761,-0.0006,-0.010357136148028415,0.0,-0.013296829968158005,-0.0006,0.006721160856053142,-0.00750909315381166,0.019417990824211147,0.012508897670399487
2001-01-31,-0.0003,0.0,0.0,-0.010992263481606479,0.010450088629866239,0.0,-0.0006,0.0,0.001000353702849715,-0.030655423877713948,-0.015146865829674571,-0.012127625440422313,0.0,-0.0003,-0.0,-0.0006,1.4991744033882037e-05,-0.0,-0.04263304931813626,-0.021190697206663542,-0.02250885913963147,-0.034061933988516105,-0.0,-0.030640432133680066,-0.027274491270096884,-0.005682139158624165,-0.00700030109159209,-0.019153375940476728,0.0,-0.015131874085640689,0.0,-0.020424190178504793,-0.009171115329620156,-0.03148340569046251,-0.00015,-0.0003,-0.0,-0.010041053578989795,-0.0,-0.0006,0.0,-0.008431572994048599,-0.0006,0.0034215018548360374,-0.01949078850600632
2001-02-28,-0.030590884319678772,0.0,0.0,-0.04706231119982046,-0.017224706791951316,-0.0,-0.0,0.0,0.0254562168845575,-0.0003,-0.047197177751756456,-0.00015,0.0,-0.02180186113621659,0.0,-0.04104762312917694,-0.0003,0.00801999677154617,-0.00015,-0.0003,-0.0003,-0.0006,0.014469551394125691,0.0002299266809336481,-0.06396860463189814,-0.034131000224029,-0.0003,-0.04031416310285123,-0.0,0.008549923452479818,0.0,-0.03827328801635828,-0.0006,-0.05721905000931862,0.0,-0.008735683608489133,-0.0,-0.027381445601449478,0.0,-0.0,0.0,0.03424524006801968,-0.03416460848027171,0.048864086555331046,0.015299478075059339
2001-03-31,8.11103505252344e-05,-0.034974819166752595,-0.0,0.008847648864766055,-0.018382392136022073,0.009141553387608409,0.0,-0.002547055797020078,-0.002927320241853793,-0.0,0.015557640440456311,0.00861653851424082,-0.0,-0.0003,0.0,-0.0006,-0.0,-0.019198289076821518,0.04337246803151865,0.0,0.0,0.0,0.031527763369732516,-0.0003,0.024324178954697132,-0.0029058620460909977,0.024618083477539483,-0.0006,0.012929474292910999,0.012549209848077284,-0.0,-0.0005939045228423531,0.00616298698267282,-0.0006,-0.0,-0.0003,-0.02106705401811531,-0.0006,0.0,-0.0,-0.011988609184628487,-0.0003,-0.005231717679113313,-0.005011982123947028,-0.0006
2001-04-30,-0.0397934905337977,-0.04306634812853766,-0.0,-0.048159337272840726,-0.041813674205242596,-0.011718250232419514,-0.0,0.0026242689212457176,-0.08310255341949094,-0.0035728575947399513,-0.0003,-0.008365846739043023,-0.0,0.0,-0.020239669859206205,0.0,-0.0,-0.004618026697519781,-0.00015,0.0,-0.031648097896118145,-0.023512527453946157,-0.046890617049783374,-0.0,-0.009711015841822853,-0.0033653527742247245,-0.0003,0.0,-0.0006,-0.04465423198847307,0.0,-0.03644108704042121,-0.02800551659824923,-0.05138360619408645,-0.0,0.0,-0.0216598535306511,0.0,-0.0,0.007835570442171983,-0.0006,-0.0,0.022778089595837214,-0.06294873274489945,-0.0
2001-05-31,-0.0003,-0.0003,0.0,0.002661336520490544,-0.0003,0.0031750337211102248,0.00458398302748658,-0.0006,0.05403149002199256,-0.0003,0.0,-0.005895923101320862,-0.0,-0.0,0.013741242649297986,0.0,0.045174230400181155,-0.0003,0.006977610604720761,-0.0,-0.0003,0.0007177089432563628,-0.0006,0.05819776410622277,-0.0073978131103768,-0.0003,-0.0,0.014643132658353923,0.0,0.043972340391125214,0.018938053841562247,-0.0005136972006196805,0.007845319547977124,-0.008398369698831676,0.0,0.0,-0.011242734293585124,0.0,0.07015820734306427,0.008359016748596805,0.0,0.0,0.0162436892468088,0.05921547304947914,0.042371783802670336
2001-06-30,0.0,0.0,0.0,0.03290459347525783,0.0,-0.0003,-0.009181621993070203,0.0,0.038191929639941696,0.0,-0.0,0.013604987897761404,0.0,-0.0,0.010117983584426221,-0.0,0.01889232406244527,-0.0,-0.0028876114732228585,0.0,-0.0,0.026610582955410484,-0.0,0.0023997246914610063,0.019301216226881707,0.0,-0.0,0.004421755255305918,-0.0,0.02458855239156557,-0.008231872724030295,0.038336657955832694,0.023722971482187626,0.024016767491727733,0.0,-0.0,0.03195484420621792,-0.0,-0.0029445365593464305,-0.014613686473645068,0.0,0.0,-0.00029379600954010723,0.02901030764687149,0.029304103656411597
2001-07-31,0.0,-0.0,-0.0,0.03851766250976214,0.04871444702177046,0.0,-0.0006,0.0,-0.00965063187778889,-0.0,-0.0,0.019190819152506894,0.0,-0.0,-0.0006,0.0,-0.02897747523504414,-0.0,0.03908815949980688,0.0,0.0,-0.0006,0.0,-0.009080134887744153,0.061962771022300814,0.07215955553430914,0.0,-0.0006,0.0,0.01379447663474978,-0.010496784512008316,0.0341334549351125,0.032710583637131994,0.018844239783313222,-0.0,-0.0,0.04320736814914031,0.02874102429532154,-0.0003,-0.0014228712979805075,-0.01588921515179928,-0.014334839452438531,-0.0006,-0.015457710750419039,-0.02932405460423781
2001-08-31,-0.0,0.0,0.0,0.0016146091851662876,0.02159833025719247,-0.0,0.0,0.0,0.008565233755123596,0.0,0.0,0.013646994492193502,0.03333071556421968,-0.0,0.0,0.0,0.02059761906215081,0.0,-0.06352858532430636,-0.04384486425228017,-0.0,-0.0,-0.0,-0.0003,-0.0711258928844903,-0.05114217181246411,-0.0,-0.0,-0.0,-0.06417526831453299,-0.00015,0.03081039142485623,0.0012260491887592256,-0.023630264968056078,-0.007100624569957308,0.05049411249688241,0.02120977026078541,-0.0036465438960298947,-0.0,-0.0006,-0.0006,0.03776101599481354,0.0,0.008176673758716533,-0.016679640398098772
2001-09-30,-0.0,-0.0,-0.0,-0.011093020442175389,-0.004696210494694837,-0.0,-0.0,0.012625645469637767,-0.0003,-0.0,-0.0,-0.009285995860512547,-0.0028891859130319953,0.0,-0.0,-0.0,0.020597110618954854,0.0,0.018299148345756848,0.0246959582932374,0.0,-0.018264871981588684,-0.01676652331829447,0.0,0.016035392861556794,0.022432202809037346,0.0,0.0,0.0,-0.0003,0.0,-0.010399167255451772,0.0006342763641681635,0.0021326250274623783,-0.0298831064794674,-0.00400235730797122,0.007031086311648714,0.00852943497494293,-0.02378629653198685,0.010433443619619936,0.01193179228291415,-0.0003,-0.0,0.030517382843635563,0.032015731506929775
2001-10-31,0.0,-0.0386399073437886,-0.0,-0.0028578424806033585,-0.014956771920851588,0.0,-0.0,-0.0006,0.0,-0.05349840802632742,-0.0,-0.017716343163142172,-0.029815272603390404,-0.0,-0.0,0.017876913552483418,-0.0003,-0.024320449770324454,-0.00015,-0.0003,-0.03953217034051272,-0.034199817097019344,-0.03472149447384399,0.0,0.011461615092860786,-0.0006373143473874434,0.0,0.0,0.0,0.018778816715110228,-0.0,-0.003750105477327482,0.0012822477661658914,0.0007605703893412456,-0.0076172016222494435,-0.01584903491757571,-0.010816681674082338,-0.011338359050906984,-0.0003,-0.0006,-0.0006,0.0,0.0,0.008899449388415335,0.008377772011590689
2001-11-30,-0.0,-0.0003,-0.0,-0.0053416911416472555,0.007597247889053924,0.0,-0.0,-0.0,0.05755622004335432,-0.0003,-0.020157594042971815,0.021668722497604393,0.03460766152830557,0.0,0.0,0.0003193152045835347,0.0,0.016394847606510856,-0.014733719151878277,-0.0019447801211770963,-0.0003,-0.0006,0.036571756854066204,0.0,0.0018111284546325794,0.014750067485333758,0.012998834884490414,0.0,-0.0,0.06500903963963416,0.0,-0.011487706429857835,-0.0010181659379886318,0.021988037702187928,-0.06319791118500158,0.001451232600843344,0.011920773092712549,0.03492697673288911,0.0,-0.0,0.03287574413204576,0.0,-0.0,0.062179745247012946,0.0851859488871895
2001-12-31,-0.0,-0.0,-0.0,-0.03384934462399103,-0.03489415201482859,0.0,-0.0,-0.0,-0.009606170465605753,-0.0,0.031583468569989184,-0.027642546130477078,-0.028687353521314633,0.0,-0.0,0.008966897166774044,-0.0,0.010690701794208881,-0.006749779354696776,-0.007794586745534332,0.0,0.0,-0.011925869609006257,0.0,0.003940922439512105,0.002896115048674549,0.03898653565801374,0.014382538495938452,0.0,0.028184096597897383,-0.0,-0.03504561321850164,-0.011041616056426347,-0.018675648963703034,-0.024243174158385276,-0.036090420609339195,-0.012086423447263902,-0.01972045635454059,0.0,-0.0,0.016369964254798603,-0.0,0.0,-0.0006,0.005567525194682243
2002-01-31,0.0,-0.0,-0.0,0.008669463666985426,0.016845611938615005,-0.0,-0.0,0.011506667290503739,-0.0003,-0.0,-0.0003,0.0025121907185748204,0.0106883389902044,-0.0,-0.0,0.018263940238914346,0.0,-0.0003,0.020640365503456277,0.02881651377508586,0.0,-0.0,0.00013576545403288717,0.02105248583298177,0.013478630556563119,0.021654778828192698,-0.0003,-0.0006,-0.0,0.014190750886088614,0.0,0.009644967359181855,0.025095843283916834,0.020776130957489165,-0.0007121203295254949,0.017821115630811436,0.033271991555546415,0.028952279229118742,-0.0,-0.0,0.01113116359830731,0.0,-0.004919712326427669,0.025207963613442328,0.02148825128701466
2002-02-28,-0.0,-0.0,-0.0,0.008041393009650176,0.002146788223387073,-0.00437280448112385,-0.0,-0.0006,-0.00025058024485800744,-0.0,-0.0,0.010402483930988788,0.004507879144725686,-0.0020117135597852373,-0.0,-0.0006,0.0021105106764806054,-0.0,0.033705015646750776,0.027810410860487675,0.0,0.0,-0.02176609429971881,-0.0003,0.04706527639126329,0.04117067160500019,0.03465107890048926,0.0,0.0,0.039073303136755104,-0.0,0.012114197490774026,0.011217586955330865,0.011938921347031967,0.007991973254508183,-0.0003,0.005322982169067762,0.006044316560768865,-0.0,-0.001496610535443161,-0.00017527614374205844,0.0,0.0007213343917011027,-0.0006,0.003946948092523784
2002-03-31,0.0,0.0,0.0,0.033421632841301924,0.01570281702077381,-0.0003,-0.0,-0.02410512266624065,0.00232874839236593,0.0,0.0,0.02373948369673827,0.006020667876210157,-0.0003,-0.0,-0.014422973521676997,-0.007353400752197724,-0.0,0.009369680375859397,-0.008349135444668716,-0.0,-0.0,0.0005468297992018752,-0.022023204073076598,0.01780380979798859,8.499397746047563e-05,-0.018766435597114474,-0.0,0.0,-0.013289074650947405,-0.0,0.03657024539510306,0.055887951101666604,0.009916510175061273,-0.00015,0.018551429574574948,0.038169135281138494,-0.00780230564546684,-0.0,-0.0006,-0.026653735220041788,0.0,-0.04597144092660533,0.02419506665273061,-0.02117637427387472
2002-04-30,0.0,0.016004541630593838,0.03330893697985258,0.038002405256839816,-0.0003,0.0,-0.0,0.017369831490237367,-0.0003,0.04802094418091139,0.06532533953017014,0.00598600270652226,-0.0003,-0.0,-0.0,0.04938623404055492,-0.0003,-0.0,0.054306946887433656,0.027657996879531594,0.021223290794318422,0.0,-0.0006,0.021471626859396846,0.0716113422366924,0.04496239222879034,0.038827686143577164,0.017980234904661257,0.0,0.038776022208655586,0.02649895000790206,0.03278365609311523,0.05303110733203114,0.05537223674707718,-0.0,-0.0003,-0.0006,0.02872328673917512,-0.0,-0.0,0.02258858065396195,-0.0,-0.0006,0.02019578730399433,0.022536916719040373
2002-05-31,0.0,-0.058509312959865487,-0.037498200174004626,0.055131226663583235,0.0,0.004735735049281016,-0.0,-0.0006,0.0,-0.04677227361858023,-0.025761160832719374,0.04339418732229798,0.0,-0.007001304292004238,-0.0,-0.0006,0.0,-0.0,-0.0033780862962822485,-0.009374941412926567,-0.05347357791058447,-0.06959250105271245,-0.0,-0.03707486227707828,0.017633026489578606,0.011636171372934288,-0.032462465124723616,-0.04798138826685158,-0.0,-0.01606374949121742,-0.00015,-0.00015,0.06561441475643019,0.05882229230756642,-0.0,-0.0,-0.0,0.0528254371909221,-0.0,0.014918923142127973,0.008726800693264203,0.0,0.0,-0.0006,0.025125516326770396
2002-06-30,-0.0,-0.025700115165976242,-0.028691254520774114,-0.004856267701242661,0.0,-0.0003,0.0,0.0,-0.0,-0.05705199804946602,-0.0600431374042639,-0.00015,0.0,-0.0003,0.0,-0.05791771829131775,0.0,0.0,-0.030556382867218904,0.011035293667983708,-0.03598788263469167,-0.021836257940781475,-0.0003342797581482802,-0.029840773454863818,-0.033547522222016776,0.008044154313185836,-0.03897902198948954,-0.024827397295579347,-0.0,-0.03283191280966169,-0.04174167653520261,-0.0,-0.0006,-0.030822103109070624,-0.0008656094123550861,-0.0,-0.0,-0.0006,-0.0,-0.0006,-0.03625360287654339,0.0,-0.022701978182633194,-0.0,-0.0006
2002-07-31,0.0,0.009370527331540715,-0.0002184746120932955,-0.00015,-0.0,0.014465968044830623,-0.0,-0.0,-0.0,0.019347590254859562,0.009758588311225553,-0.0,-0.0,0.0,-0.0,-0.0006,-0.0,0.0,0.011640831470660916,-0.005737581786256144,0.024136495376371338,-0.0037393862887686157,-0.002602313334826809,0.004555577740138357,0.002051829527026906,-0.015326583729890153,0.014547493432737328,-0.013328388232402625,-0.012791315278460818,-0.0050334242034956525,-0.00015,0.0,0.014780217759429531,0.014243144805487724,-0.00015,0.0,0.0,0.0,0.0,0.027275881665139955,0.026738808711198145,0.019280917636232978,-0.0006,0.0,0.0
2002-08-31,-0.0,-0.018250481765565936,-0.0012810411473201631,0.0,-0.025813955706980033,-0.0003,0.012048863797834233,-0.0,0.0,-0.025828908448266394,-0.008859467830020624,0.0,-0.033392382389680494,4.715857165164984e-05,0.004470437115133771,0.0,0.0,-0.0,-0.009583632932270549,-0.0003,-0.025481749876614744,-0.0006,-0.0006,0.01659934023794861,0.007385807685975222,-0.0003,-0.008512309258368975,-0.0006,-0.008192428954047676,0.03356878085619438,-0.016997106873684647,-0.016048116944344198,0.021315712631129618,-0.0006,0.0,-0.033045223818028845,-0.0,-0.03302534351370755,0.00903586629653451,0.005417595686785421,-0.0003198803043212989,-0.04208109011456335,0.00513747599110672,0.046898685801348775,0.0
2002-09-30,0.0,0.022730118378782208,0.034959071703320514,0.0,0.015458523081822214,0.0051654154012017875,-0.003199004891318303,-0.0,0.0,0.0267761154501482,0.039005068774686506,-0.0,0.019504520153188203,-0.0003,0.0008469921800476881,-0.0,0.0,-0.0,-0.00015,0.0,0.028195533779983996,0.0,0.012237130380010931,0.03408072712950942,0.03641150085380932,0.0,0.0404244871045223,0.0,0.02506608370454924,0.04630968045404773,0.016910952232311018,0.004012986250712983,-0.0017465757408294987,-0.0,0.0,0.020923938483024,0.0,0.005565535083050938,0.026809131832549425,0.0022664105098834843,0.015358403399973063,-0.005885193349525425,-0.013091992890089579,0.008151603859408909,0.0
2002-10-31,0.0,0.0056095043420158665,0.022150024179603378,0.0,-0.008635047058142995,-0.0003,0.0144077989665965,-0.0,0.007001014719356813,0.01507124914607251,0.03161176898366002,-0.0,0.0008266977459136481,0.0,0.023869543770653145,-0.0,-0.002460730084699831,-0.0,0.011857650775110288,0.0,0.0165490618445022,-0.0,-0.0023948177939698365,0.012910519061372678,0.0285481706126978,0.0,0.03308958168208971,0.0,0.014145702043617675,0.02945103889896019,-0.0022369006250485737,-0.00015,-0.0006,-0.0,0.0007528682862623906,0.002304510444343339,-0.0,-0.0166393691941287,-0.001334032338786183,0.025347356469082837,-0.0006,-0.0003,0.006403476830610797,0.021708813685953312,0.014705336855342515
2002-11-30,0.0,-0.0003,-0.0013997139851085888,0.05570046337462978,-0.06362843492182847,-0.0,-0.0006,0.0,-0.0003,-0.0003,0.01790396403450606,0.03639678535501513,-0.044324756902213824,-0.03495254537525324,-0.0006,-0.0,-0.0003,-0.0,0.007192461529455173,0.0,-0.0640068692008132,-0.0,-0.03798462424856029,-0.024717433174740143,0.054450749389521186,0.0,-0.01674858134074718,-0.0,0.009273663611505722,0.02254085468532587,-0.0077779715471986985,-0.0,0.0597712572432479,-0.0,-0.00015,-0.07897730227746706,-0.0,-0.05295505732521416,-0.03968786625139401,-0.01082807348702046,0.0,0.0,0.015194171465232442,0.02846136253905259,-0.0006
2002-12-31,-0.001499419333546451,0.01835901164290768,0.016212109919572386,-0.025486310522196257,0.009136252690032647,0.0,-0.0255110033934527,0.0,0.0,-0.0,-0.0003,-0.00015,0.010335672023579098,0.013500702360311444,0.0,0.011944196680988797,0.0,0.0,0.04384532216510394,-0.009822758952875035,0.03335913333676557,0.0,0.03240262765744293,0.05494156646449481,-0.00015,-0.007375857229539739,0.03091223161343028,0.0,0.029955725934107634,-0.0003,0.0343225632122289,-0.0,-0.0006,-0.0,0.0,0.02383637438389054,0.03344725608348534,0.022879868704567895,0.04541880751161977,-0.010210881699594804,-0.0,0.0,-0.01116738737891745,-0.0006,0.0
2003-01-31,-0.046865416910772464,0.033981230380945804,0.024191893601956376,-0.00015,0.02320152549233455,-0.0,-0.0006,-0.0,-0.0,-0.0,-0.0,-0.0,0.07006694240310701,-0.05073209562111479,-0.0,-0.05671548910478728,-0.0,0.0,0.03894905230435773,-0.010779704888611255,0.030114551670603482,0.0,0.02413115818693099,-0.0003,0.0,-0.0009903681096218274,0.020325214891614055,0.0,0.014341821407941564,0.0,0.028169347415746476,-0.0,0.0,-0.0,-0.0,0.019334846781992227,0.05279651781123299,0.013351453298319736,0.01451662226449515,-0.0006,-0.0,-0.0,-0.039445064512913255,-0.0,-0.0017651689661754132
2003-02-28,-0.006967458453450015,-0.01444683092879617,-0.016218344080056304,-0.012562992435606659,0.0013477370984585207,0.0,-0.024009244085519747,0.0,0.0,-0.0077793724753461545,0.0,0.0,0.008315195551908535,0.004459727637986963,0.0,-0.0006,0.0,0.0,-0.002033838493189511,-0.0003,-0.0030196448373591912,0.0,-0.007827751223058807,-0.0026367983037278104,-0.0,0.017566081178514825,-0.004791157988619329,0.0,-0.009599264374318944,-0.004408311454987947,0.013760729534065179,-0.0,0.0,-0.0,-0.0,0.0127749231898955,0.024756981183978267,0.007966816804195883,0.013457769723526879,-0.012582057994082768,-0.0,0.0,-0.016790164379782382,-0.0,-0.0006
2003-03-31,-0.0003,0.011779460345602785,-0.011522172166188137,-0.00015,-0.00021356818688233678,0.0,-0.0006,-0.0,0.0,-0.0003,-0.0007120543132303082,0.0,0.010896549666075492,0.01654132342287318,-0.02823209189953402,-0.0,0.0,0.0,-0.00015,0.0,0.0394309016214338,-0.005342513700973408,-0.00016493207525314357,0.047593692048189515,0.014733172992333628,-0.0003,0.016129269109642873,-0.02864414621276433,-0.023466564587044065,0.02429205953639859,0.02619177697163943,0.0010960961173092447,-0.04352731920509796,-0.0,0.0,0.027437873088948673,-0.01673554223345853,-0.012157960607738265,0.03560066351570439,-0.0006,-0.0,0.0,-0.005777581625720264,-0.052936205749162926,0.0
2003-04-30,0.0,-0.009911992055260548,-0.020590297931879477,0.0,-0.005960054338160513,0.0,0.0,-0.0,0.0,0.015568197788845996,-0.0003,0.0,0.01982013550594603,-0.012299048517850124,-0.0006,-0.0,0.0,0.0,0.042067223326717224,-0.0,0.003569149270995872,-0.005652098985035228,-0.010448717071045666,0.0467970392351995,0.03153891745009829,-0.0,-0.007109156605623057,-0.016330404861654158,-0.0006,0.03611873335858057,0.046169161043817256,-0.00015,-0.0006,-0.0,0.0,0.007521086988095907,-0.0017001612679351935,-0.006496779353945631,0.05074897695229953,0.0086212482560311,0.013417866342041538,0.0,-0.0006,-0.0006,0.0
2003-05-31,0.03169674930826568,0.05481384854305198,0.043602205181426046,-0.0,0.03461266599735209,0.0,0.0,0.0,-0.0,0.022817099234786288,-0.0,0.010195332824230397,0.0026159166890864054,0.04853036805849504,0.0,0.0,0.014111783671672843,0.0,0.033162432059016686,0.0,0.07134746729328133,0.10664750703818696,0.060863487684381046,0.037228882906459135,0.021950788697390755,0.0,0.0601358239316554,0.09543586367656103,0.04905184432275511,0.0260172395448332,0.012961249513316803,0.0,0.0,0.0,0.0,0.05114628474758144,0.08644632449248707,0.04066230513868116,0.01702770036075925,-0.03530003974490563,0.010483979608900282,-0.0,-0.0,-0.0,-0.0
2003-06-30,-0.001616998286927785,-0.01011700147523193,0.013338049185604753,-0.0,-0.012467556558253413,-0.0,-0.0,0.0,-0.0,-0.008500003188304146,-0.0,-0.024626786264257763,-0.0003,-0.008181932718018418,-0.018975653758129294,0.0,-0.01929064311363093,-0.0,-0.03312678945256191,0.002050555083021483,-0.016681935906322564,-0.026875656946433443,-0.007477271150653112,-0.027790646301935076,-0.009671738791725224,0.025505605743858163,0.00677311475451412,-0.0034206062855967577,0.015977779510183573,-0.0043355956410983925,-0.03547734453558339,0.0,0.0,0.0,0.0,-0.019032490989344047,-0.029226212029454926,-0.0006,-0.03014120138495656,-0.0006,-0.0006,-0.0,0.0,-0.0,-0.0
2003-07-31,-0.0003,0.026816118939083065,0.02386487260924286,-0.0,-0.0003,-0.0,0.0052174081854282905,-0.0,-0.0,0.023408385377567623,-0.0,-0.00015,-0.0,-0.0003,0.009225141746943732,-0.0,-0.048350083444327195,0.0,0.005593375211946039,-0.012117182365730401,0.02550849366217682,0.032633527124511355,0.02154943724103155,-0.024941698066759572,0.002642128882105833,-0.0003,-0.0003,0.02968228079467115,0.018598190911191345,-0.027892944396599777,-0.00015,0.0,0.026440151912565317,0.0,-0.0,-0.0003,0.04475070949024176,0.0,-0.01282451570102917,0.006525033462334535,-0.0,-0.0,0.010484089883479805,-0.0,-0.0
2003-08-31,0.0,-0.01017397077611177,-0.028061586179382578,0.0,0.0,0.0,-0.004082399318461154,-0.0,0.0,-0.00504669760679604,0.0,0.0,0.0,-0.0,-0.009209672487776883,-0.0,0.00885320422333228,0.0,0.049343807648502505,0.02259997792711543,-0.008727061112409132,-0.014256370094572923,-0.02838048063145064,0.00380650661653624,0.0314561922452317,0.0,-0.02691467651567994,-0.03214398549784373,-0.04626809603472145,-0.014081108786734568,-0.0,-0.0,-0.06360017774307543,-0.0,-0.0,-0.0,-0.03685634802168836,-0.0,-0.01879347131057919,-0.005529308982163791,-0.0,0.0,0.014124110536877718,-0.018662876711109163,0.0
2003-09-30,-0.0,0.046185938051624055,-0.0003,-0.0,-0.0,0.01061645975365425,0.001048386205568251,0.0,-0.014241401319473348,0.02139545333272464,-0.0,0.0,-0.0,0.03540694447255366,0.025838870924467662,0.0,0.010849083399426064,0.0,0.04349375072914653,0.0186653177724734,0.0571023978052783,0.0472343242571923,0.05023376454480424,0.032244536732150705,0.031177359504506764,0.0060489265478336305,0.044786006580638534,0.034917933032552535,0.03791737332016447,0.019928145507510937,-0.0,0.0,0.0037405735280457717,0.0,-0.0,0.0,0.028569006484718905,0.0,-0.0003,-0.0006,0.006268633260474068,-0.0,-0.0029994402876119316,0.014989787525041598,-0.0
2003-10-31,0.0,-0.0003,-0.0,0.0,0.0,-0.0013028435083210152,-0.006087993863389228,-0.0027527548758309837,0.02911034420944695,-0.0003,-0.0,0.0,-0.001251023552753935,-0.017370408630422073,-0.022155558985490285,-0.01882031999793204,0.013042779087345892,-0.0,0.025343478439401056,0.006917449739655707,-0.00950193533801243,-0.014287085693080643,-0.010351846705522399,0.020911252379755534,-0.00015,0.029188493935682167,0.012769108858014029,0.007983958502945816,0.01191919749050406,0.043182296575781993,-0.0,-0.034995413777413484,-0.0396305641324817,-0.0,-0.0,-0.01671938507766814,-0.02120453543273635,-0.0,0.0,-0.0,-0.0006,0.0,-0.0006,-0.0006,0.0
2003-11-30,0.0,-0.008271223649808318,0.0,0.0,0.044182189032687204,0.007860954751746176,0.025126297108011432,-0.0006,0.028413360017319568,-0.0,0.0,0.03768346985420963,0.03251353147505546,-0.004107702805885571,0.013157639550379685,-0.011918527961081303,0.01644470245968782,0.0,0.04183090376203306,0.03651096538287889,-0.00011026889806214218,0.017155073458203114,-0.007921094053257874,0.02044213636751125,0.0,0.02303014120485551,-0.013591093076085518,0.003674249280179738,-0.0006,0.006961312189487874,-0.0,-0.0419411726600952,-0.024675830303829943,-0.0,-0.0,-0.0003,-0.0006,-0.0,-0.0,0.0,-0.0,0.0,0.024476167511460988,0.0,0.0
2003-12-31,-0.0,0.028151955655864307,-0.0,-0.0,-0.0003,0.006835565643121945,0.039401757094311374,0.0,-0.022108634925236924,0.0,-0.0,0.022981868635602008,0.04764385334891723,0.04056153873619476,0.0731277301873842,0.051237503386050806,0.011617338167835892,-0.008545817587099392,0.017407851198393498,0.042069835911708715,0.034987521298986246,0.06755371275017569,0.04566348594884229,0.006043320730627383,0.0,-0.0003,0.043233338886085645,0.07579953033727507,0.05330930353594168,0.014289138317726775,0.0,-0.00015,-0.0006,0.0,-0.0,-0.007382314612722466,0.0,0.0,-0.0,0.0,0.0,-0.0,-0.0006,-0.0,-0.0
2004-01-31,-0.0,0.01558548096233197,0.0249791797085729,-0.0,0.0,0.007355229005029312,0.0035107035938805875,0.0,-0.0003,0.0,-0.0,-0.00015,-0.0003,0.02926850512866625,0.025423979717517524,0.02323373079667244,0.05442300330416727,-0.0003,0.01553503164865744,0.02478381574687719,0.02294070996736128,0.019096184556212557,0.01690593563536747,0.048095208142862306,0.025078730394898368,0.034177514493118115,0.03263440871360221,0.028789883302453488,0.0265996343816084,0.057788906889103236,0.0,0.0,0.0029611529075551177,0.0,0.0,-0.0018431057795159078,-0.006287631190664632,-0.0,0.0,-0.0,-0.0,0.0,-0.0,0.0,0.0
2004-02-29,0.003949566341899481,0.002107841220537858,-0.015166566796661738,-0.0,-0.0,-0.0003,-0.03894337827120706,0.0,-0.0,0.0,0.0,-0.0,-0.0,-0.006681713708039688,-0.03469381192930757,0.007402091528894067,-0.0538177833060757,0.0,-0.009107651110244473,-0.033373192591061224,-0.008823438829401311,-0.0368355370506692,0.005260366407532444,-0.05595950842743733,-0.02638205912744407,-0.05064760060826082,-0.026097846846600905,-0.054109945067868793,-0.012014041609667151,-0.07323391644463692,-0.0,0.00013421228084316205,-0.027727885940424725,0.0,-0.0,0.024549753761659913,-0.003462344459607976,0.0,-0.0,-0.0,0.0,-0.0,0.0,0.018523971376768127,-0.0
2004-03-31,-0.00850906636900279,-0.026471584097104546,-0.034480376514582474,-0.0,0.0,-0.0,-0.024098668318456314,-0.0,0.0,0.0,0.0,-0.0,0.010441299493816463,-0.009353898417895187,-0.0326077346874591,-0.022876022485009834,0.024681618127485178,0.0,-0.05176575173503056,-0.007221218234285294,-0.027316416145996943,-0.05057025241556086,-0.04083854021311159,0.006719100399383421,-0.00015,-0.015230010651763222,-0.035325208563474875,-0.05857904483303879,-0.04884733263058952,-0.001289692018094507,0.0,-0.00015,0.0011954993194697038,0.010327211521918974,0.0,-0.0003,-0.043349034181275566,-0.0,0.0,-0.023853836269563916,-0.0,0.0,0.0,-0.05728935281494428,0.0
2004-04-30,0.01415101678532523,-0.027335274020499657,-0.010225416264654185,0.0,0.0,-0.0,-0.0006,-0.005043620411660909,0.0,0.0,0.0,0.0,-0.0003,0.00015979999403104017,0.012759831025288812,0.009707396373664322,0.0340353321700462,-0.0,-0.00015,-0.01061542691148707,-0.04132649081179385,-0.028726459780536076,-0.031778894432160566,-0.007450958635778685,0.0,0.0064944308443584,-0.024216633055948376,-0.011616602024690604,-0.014669036676315094,0.009658899120066787,-0.0,-0.0,-0.022231800218313627,-0.025284234869938117,-0.0,-0.0,-0.018111032869049006,-0.021763467520673496,0.0,-0.0006,0.008947596379633282,0.0,-0.0,-0.0006,-0.02492793579638188
2004-05-31,-0.0003,-0.02057963645459488,0.011901705734831307,-0.0,-0.0,-0.0,0.0,0.005841670071742605,-0.0,0.0,-0.0,-0.0,-0.0,-0.009000323509789859,0.02198405082291755,-0.00035975283033169887,-0.014547006833241956,-0.0,-0.0,-0.0003,-0.023378537062310436,0.007605837270396973,-0.014737966382852278,-0.028925220385762535,0.00946977175121528,-0.010347599321280553,0.009102805127115752,0.040087179459823166,0.01774337580657391,0.0035561218036636562,-0.0,-0.0,0.030467407708607883,0.008123604055358632,-0.0,0.0,0.050434778781103716,0.028090975127854467,0.0,0.0,0.00864057067945816,-0.0,-0.02294380365324925,-0.0,0.014187254002910255
2004-06-30,0.017066443235490503,0.02672002583408411,0.021261153456094233,0.011368389897489391,-0.0,0.0,-0.0,0.00831044867463418,0.0,-0.0,-0.0,0.0,-0.0,0.028278309753320387,0.015612875641964428,0.025676891910124684,0.024567201431414016,0.0,0.0,0.0,0.03763189235191399,0.024966458240558032,0.03503047450871829,0.03392078403000762,-0.00015,0.0008040430522730062,0.03217301997392412,0.019507585862568157,0.029571602130728413,0.028461911652017745,-0.0,0.022280256415319274,0.009764822303963316,0.019828838572123572,0.018569148093412903,0.0,-0.0006,0.028767559078455407,0.027357868599744737,-0.0,-0.0026014178431957025,-0.0,0.010064016268160256,0.0,-0.0006
2004-07-31,-0.018783029674479444,-0.004659214775701699,0.022433359044360675,-0.013096770164786317,0.0,0.0,-0.0,-0.0006,-0.0,-0.0,-0.0,-0.0,-0.0,-0.017248382083544254,-0.02398188059234965,-0.031160124134914306,-0.02640926747098114,0.026792573820062372,0.0,-0.0,-0.0031245671847665094,-0.009858065693571904,-0.01703630923613656,-0.012285452572203395,0.035380129209146995,0.02507964014173967,0.023968006635295865,0.01723450812649047,0.010056264583925813,0.01480712124785898,-0.0,-0.011562122573851127,-0.018295621082656522,-0.02547386462522118,-0.020723007961288013,-0.0,-0.0,-0.015023375557813856,-0.0003,-0.0,-0.013911742051370052,-0.0,-0.007178243542564657,-0.0,0.0
2004-08-31,-0.01346649678279557,0.007854996669961999,0.012991167455216317,-0.019441630729101367,-0.0,0.0,-0.0,-0.009044458119331477,0.0,-0.0,0.026157664238011885,0.0,-0.0,-0.00673108329517119,-0.0006,-0.021910954902127047,0.01809914843597669,0.005136170785254319,0.0,-0.0,0.014590410157586378,-0.0006,-0.0005894614493694786,0.03942064188873426,0.032432798184317685,-0.008122517620863044,0.019726580942840695,0.009037660792255046,0.00454670933588484,0.044556812673988574,-0.0,-0.012706217241476988,-0.0006,-0.027886088848432845,0.012124014489670893,0.0,0.0,0.012669226956747884,0.052379330294851624,-0.0,-0.0006,0.0,-0.0044909514563702055,0.03491915188173353,0.0
2004-09-30,-0.0003,-0.0003,-0.01098214650979265,-0.026359328790730604,-0.0,-0.0,-0.0,-0.0006,-0.011037853173925966,-0.0,-0.0011205761191037389,0.0,-0.0,-0.0003,-0.0,-0.010348417535758353,-0.020599423564614878,-0.017993170044037905,0.0,-0.0,-0.0003,-0.0,0.006524176389175813,-0.003726829639680712,0.015377182280937953,-0.020365199606181158,-0.023289283869922125,-0.03589264059125133,-0.011468993654862092,-0.021719999683718617,-0.0,-0.03866646615086008,-0.0,-0.026846175935800045,-0.03709718196465657,-0.0,-0.0,0.008896205951319066,-0.0013548000775374588,-0.0,0.0,0.0012692841862035082,-0.0006,0.014172640907532716,-0.0
2004-10-31,-0.0,0.0,0.008513632239255942,-0.03966740357381276,-0.013875472109754578,-0.0,-0.0,-0.0,-0.0003,0.0,0.006764371226024572,0.0,-0.015624733122985948,-0.0,0.0,-0.011009375778505269,0.01410087885559673,0.011688705238751436,-0.03664233057431726,-0.010700399110259084,-0.0,-0.0,-0.0006,0.009176544842869866,-0.00015,-0.0003,0.0005619857604551581,0.007999731252410651,-0.004245004552480697,0.020865250081621302,-0.0,-0.04761905005261354,-0.04078130456065805,-0.052426040365549396,-0.027315785731447398,-0.021827118588555364,-0.014689373096599869,-0.026334108901491217,-0.0012238542673892183,0.0,-0.0,-0.0003,-0.0,-0.0006,0.0
2004-11-30,0.0,0.0,-0.008709229219443535,-0.020823978953834033,-0.0314368358626672,0.0,0.0,0.0,0.0,-0.0,0.005272032919298891,-0.006992716815091607,-0.01745557372392477,0.0,-0.0,-0.0006,-0.0003,-0.0011552479792113733,-0.00015,-0.0003,0.0,0.0,0.0025841233310456117,-0.0003,0.0,0.022427606643223658,0.012368083683840736,0.0025509383550445432,0.0020288753518342383,0.010206510047952899,0.0,0.0002533339494502388,-0.009563811379345954,-0.010085874382556259,-0.0019082396864375985,-0.010359522959382923,-0.020176668288179114,-0.02069873129138942,-0.01252109659527076,-0.0,-0.0,-0.0,-0.0,0.0,0.0
2004-12-31,-0.0,0.03328628288405629,0.0278249359106836,0.03699737693963936,-0.0003,0.0,0.0,0.0,-0.0,-0.0,0.005056084286405577,-0.00015,-0.0003,0.0,0.030049916301731473,0.030702881543233657,-0.0,-0.005761346973372685,-0.0,0.0,0.03747722938526662,0.04086734756150973,0.04212031280301192,0.006517804449737454,-0.009322441028955757,0.0202570887650527,0.03201588241189393,0.03570600058813705,0.03635896582963923,0.001056457476364769,0.0,0.04118832344084969,0.044878441617092805,0.04553140685859499,0.010228898505320525,-0.0003,0.01544891182308435,-0.0006,-0.0003,0.0,0.0,-0.0,0.0,-0.0,-0.0
2005-01-31,-0.0,-0.0003,0.011099929502430297,-0.01688739891029004,0.0,-0.0,-0.0,-0.0,0.0,-0.0,0.0049577976409084165,0.0,0.014340033181132673,-0.000913068135951654,-0.0012271416034019302,0.0014484265627699756,0.03125847027579599,0.0024275130654882217,0.0,0.016870317756552865,0.0019172164394685408,0.0013031429720182647,0.0039787111381901705,0.03408875485121618,-0.00015,0.01959783082204109,0.0043447295049567625,0.0037306560375064864,0.006406224203678392,0.0365162679167044,-0.008539497590679247,-0.023642598907763573,-0.02425667237521385,-0.021581104209041944,0.008528939503984066,-0.0,-0.0006,-0.0,0.0,-0.0,0.0,0.0,0.0,0.0,0.0
2005-02-28,0.006304695487508892,-0.0012801134308483408,0.004516247596115876,0.02366200703679543,-0.0,0.0,-0.0,0.0,0.0,0.0,-0.002088447891393015,-0.0,-0.0003,0.015588492290168683,0.006556107127674793,0.017412244053315852,0.01303362617119401,-0.0003,-0.0,-0.04112533428477849,0.00800368337181145,-0.0010287017906824396,0.00982743513495862,0.0054488172528367775,-0.0,-0.03562897325781427,0.013500044398775668,0.004467659236281778,0.015323796161922837,0.010945178279800995,-0.016483213817134718,0.03264580383945522,0.02361341867696133,0.03446955560260239,0.03009093772048055,0.0,0.0,0.0,0.0,-0.0,0.0,-0.0,0.0,0.0,-0.0
2005-03-31,-0.0003,0.020273212161012372,0.03809087415096984,0.004487798375440124,-0.0344649740601919,-0.0,-0.0,0.0,-0.0,-0.0,0.01962370422882061,-0.014129371546709103,0.0,-0.0003,-0.0006,0.021418587794230202,-0.0003,-0.0,0.0,-0.0003,0.012923770827491292,0.006114765054371292,0.023224630033093347,-0.00634649690493036,0.0,0.07225584821116174,0.030741432817448757,0.023932427044328755,0.04104229202305081,0.011471165085027105,-0.00015,-0.002861642958080956,-0.009670648731200956,0.0074392162475210985,-0.022131910690502608,-0.0,-0.04892342116683299,-0.03181355618811093,-0.06108468312613464,-0.0,0.009700859205602055,-0.0,0.0,-0.0,-0.0
2005-04-30,0.0,-0.0003,0.01021554768646226,0.04574900784247883,-0.0003,0.0,-0.0,-0.004611291697938013,-0.0,-0.0,-0.0003,0.04604939617525976,-0.0,0.0,-0.0,-0.00431168003071894,-0.0,0.0,0.029068233542341705,-0.0,-0.0003,-0.005024795005042344,0.012519482602199112,0.0043342895078189135,-0.0,-0.03979084397304783,-0.0003,-0.011340021618717208,0.006204255988524247,-0.001980937105855951,-0.004407383817031257,0.046775977919793224,0.024193438537299362,0.04173771614454082,0.03355252305016062,0.0,-0.0006,0.045995099961572077,-0.0003,-0.0,-0.005038261775252406,-0.0,0.016944277607241456,0.0,0.007585193094380199
2005-05-31,-0.0,0.026702138139410754,0.009376041510518452,0.021368271784296268,-0.0,0.0,-0.0,-0.0006,0.0,-0.0,0.0028975905971752973,0.015189820870953113,-0.0,0.0,0.0,-0.0006,0.01380916331998084,-0.017926096628892305,-0.00015,-0.0,0.03728156065398773,0.023783151781256794,0.05796018267039531,0.034932850546048444,-0.0,-0.03224813441183105,0.019655464025095427,0.006157055152364491,0.040334086041503,0.017306753917156137,-0.020255904138053237,0.031947694298873244,0.018149285426142307,0.05232631631528082,0.029298984190933953,0.0,0.0,-0.0006,0.04925488832898719,-0.0,-0.0006,-0.0,-0.0006,0.0,-0.024227332124346867
2005-06-30,0.0,-0.0003,-0.016726428478300644,-0.0015174629753544296,0.0,0.0,-0.0,-0.0028928520730739015,0.01586026131440163,-0.0,-0.0003,-0.00015,-0.0,-0.012594161336477476,-0.0,-0.022134507008560612,-0.0030813936210850757,-0.0003,-0.0,-0.0,0.004149624376853031,-0.0006,-0.0050907212952301046,0.01336239209224543,-0.0,-0.0003,-0.009778934879291412,-0.023116566798574253,-0.019019280551374546,-0.0005661671638990118,-0.00015,0.005430030623654804,-0.007907601295628038,-0.0038103150484283315,0.014642798339047204,0.00442344126286211,-0.0,-0.005116904409221025,0.013936208978254509,-0.0,-0.009840345672083136,0.0,0.0034972862471997065,0.021950399634675242,-0.0006
2005-07-31,-0.0,0.0,0.001760513644083521,-0.015394371182842755,-0.0,-0.0,-0.0,-0.009452063187001047,0.005386897888589823,0.0,0.0,0.0,-0.0,0.001373308182265616,0.0,-5.9327587427750184e-05,0.01477963348816312,-0.0,-0.0,-0.0,-0.032129313257983884,-0.0,-0.03356194902767725,-0.018722987952086382,0.0,-0.0,-0.00625891377322416,-0.0006,-0.007691549542917526,0.007147411532673344,-0.0,-0.023413798600150436,-0.0006,-0.024846434369843802,-0.010007473294252932,0.006108412013769375,0.0,0.004675776244076009,0.01951473731966688,-0.008558320448222002,-0.0006,0.0,-0.009390956217915369,0.005448004857675501,0.0
2005-08-31,-0.0,-0.0,-0.0003,0.0235569771090392,-0.0,0.0,0.0,0.00023121509163205947,0.0011478724482471905,-0.0,-0.0,0.01671624376606751,-0.0,-0.0003,0.0,0.0069219484346037495,0.00783860579121888,0.0,-0.0188389157756366,-0.0,-0.0003,0.0,0.04247710797630786,0.043393765332922996,0.0,-0.0,0.03291510397074285,0.0,0.027361702228202816,0.028278359584817947,-0.02365829402528939,0.02934159394321129,0.025539705376743844,0.02378819220067126,0.02470484955728639,0.05284988796850068,0.0,0.04729648622596065,0.04821314358257578,-0.0006,-0.006153401742540029,-0.0,-0.002351513176072583,-0.001434855819457452,0.0
2005-09-30,-0.0,0.0,-0.0,0.00669677710888924,-0.01058868279098831,-0.0,-0.0,-0.0006,-0.0003,0.0,-0.0,-0.00022935212144604923,0.0,0.003204846537976514,-0.0,0.03015841830978888,0.030017282863049628,-0.0,0.020099070941027815,-0.0,-0.017123576524497353,-0.0,0.009829995247315017,0.009688859800575763,-0.011975080125822784,0.0,0.015100574542353248,0.0,0.041754146314165616,0.04161301086742636,-0.00015,0.0032754944165304645,-0.004375182848690657,0.02992906618834283,0.029787930741603578,-0.013709965483347084,-0.0,0.012943606288465283,0.012802470841726029,0.007050677265221121,-0.0006,0.0,0.03430424903703349,0.03416311359029423,-0.0
2005-10-31,0.0,-0.0,-0.0,0.01869651507571162,0.028810559730276776,0.0,0.0,-0.0,0.0,-0.0,-0.0,0.020398339273227303,0.030212383927792456,-0.0003,0.0,-0.0006,-0.0003,-0.0,0.010105598138612453,-0.0,-0.0003,0.0,-0.0006,-0.0003,-0.006129576870013274,-0.0,-0.0003,0.04389592570437301,-0.0006,-0.0003,-0.010264044654565155,0.02154234443434649,0.038366348834359736,0.01740376631607836,0.03101555433488468,0.03165638908891165,0.04788039348892489,0.027517810970643514,0.04112959898944983,-0.0006,-0.0,0.0,-0.0006,-0.0006,0.0
2005-11-30,0.0,0.0,-0.02677556636328645,-0.002734152893638025,-0.0003,0.005142486226971358,0.0,-0.0,-0.0,0.0011839301689300398,-0.01674990786092076,0.007291505608727665,0.007658549680955363,-0.0,-0.0,-0.0,-0.0,0.0,-0.00015,-0.0,-0.0033992421064642916,-0.0,-0.021351192626880875,-0.017836472198856184,-0.00015,-0.0,-0.021333080136315092,-0.0006,-0.03928503065673168,-0.035770310228706984,-0.0003670440722276983,0.0027083333333333334,0.00221480229114212,-0.014943617187083251,-0.011728896759058556,0.0030753774055610316,-0.0006,-0.014576573114855553,-0.011361852686830858,-0.00010646895780878657,-0.0,-0.0,-0.0,-0.014543699050200677,0.0
2005-12-31,-0.0,-0.0,-0.020416618988464683,-0.00015,0.0,-0.0006987448944411022,0.0,-0.016645761434870676,0.019307131456563594,-0.004430674524147263,-0.03206671990143275,-0.03631828946324785,-0.01809682836374288,0.0,0.0,-0.0,0.0,-0.027936045377285487,0.0,0.0,0.006520681494379704,0.0,-0.00882633504604987,0.026826557845384402,0.0,-0.014269891537689872,-0.02111536388290578,-0.00822120377606988,-0.036462380423335355,-0.000809487531901085,-0.00015,-0.025366933444720886,-0.011872773337884984,-0.04071394998515046,-0.005061057093716188,-0.007145472345215911,0.0,-0.022492488885645485,0.013160404005788787,-0.0006,-0.0,0.0,-0.029441176647265477,0.006811716244168795,0.0
2006-01-31,-0.0,-0.0,-0.0003,0.021075352552125944,0.0250887423039865,-0.0003,-0.0,-0.0006,-0.026672191530259706,-0.0022035920174127907,-0.014875971844037519,0.015894449266662503,0.02005783901852306,0.0,-0.0005647053125855639,0.0,-0.0,-0.0003,0.017948041284075292,0.021961431035935848,-0.0003,-0.0,-0.0006,-0.023544880262209054,0.03062042111070002,-0.0003,-0.002596570950687417,-0.0006,-0.0006,-0.03621726008883378,-0.0,0.028173850160012604,0.015859154579248066,0.04257214222092007,-0.00544683897813376,0.03233723991187316,0.019422544331108623,0.046735531972780624,-0.001283449226273205,-0.0,0.0,-0.0,-0.0006,-0.021305993557381827,-0.04861898119905383
2006-02-28,0.02397051949124624,0.0,0.0,-0.015911373141261773,-0.04199660139818833,0.0,-0.0,-0.0,0.03380055100737078,-0.02712531776621476,-0.06283121005034029,0.00835914634998447,-0.01772608190694209,-0.0,0.03678721576738049,0.024612617939957684,0.0,0.0,0.03548446411619923,0.009399235859272673,-0.0,-0.0,-0.0,-0.01759528625009022,-0.00015,-0.0,-0.07485467461149219,-0.0,-0.0,-0.053301178534215746,0.0,-0.0036643182111674283,-0.02842806941739602,-0.016853471589973214,0.01788917786610901,-0.029749546468093985,-0.05451329767432258,-0.04293869984689977,-0.008196050390817548,-0.0,-0.0,0.0,0.0,0.04631724728350503,0.03474264945608223
2006-03-31,-0.008942377884610796,-0.0,0.0,-0.03730135418785181,-0.0003,-0.0,0.020270791564666425,-0.0,0.009346225559682904,0.012399976878498843,-0.011600867654916552,-0.04624373207246261,-0.006237218683917592,0.0,0.011928413680055629,0.005355126074809917,0.0,0.0,-0.05864370895096145,-0.0003,0.0,-0.0010715631984432143,0.0,0.030688580322792543,0.0,-0.0,-0.01072788040783363,-0.0,-0.0,0.006687735789377147,-0.0,-0.045370744825379686,-0.0006,-0.051598858147272525,-0.02795512862816891,-0.0003,-0.0006,-0.0006,0.012051384760376108,0.012201400927138551,-0.0,0.017115616197210776,0.005973287605245712,0.030217017124349328,0.023643729519103616
2006-04-30,-0.01295985199734405,0.0,0.0,-0.00015,-0.0,-0.0,-0.000757597926953596,-0.0,0.004966512637274748,-0.03667368599135647,-0.025735852504997127,-0.027505066156149702,-0.012295277356104795,0.0,-0.013717449924297647,-0.010087334304280667,0.0,-0.0,-0.00015,-0.0,-0.0,0.02295623606705882,-0.0,-0.01874732135673767,0.0,-0.0,-0.015827659515283785,-0.0,-0.0,-0.007809487870378329,-0.0,-0.01759687316643636,-0.0,-0.0006,-0.009578701521530904,-0.002687084366391453,0.0,-0.0,0.005631087278514003,-0.0038092569345843045,-0.0007791413145673242,0.008018171644905456,-0.0006,0.004208914710321152,0.007839030330338132
2006-05-31,0.007065717794021747,0.0,0.0,0.0061501129690911165,0.0,0.0,-0.0006,-0.0,0.017711099608770882,0.0011409685026328477,-0.026622390534120268,0.013365830763112863,0.0016481436335265588,0.0027294580382439555,-0.013664486951047234,0.010976727781483167,0.0,0.0,0.012074862260480015,0.00020717513089371116,-0.0,-0.014805455453680082,-0.0,0.011786350317381983,0.039838221297233134,0.027970534167646825,-0.0003,0.012357903583073034,-0.0,-0.015977008719371133,0.0,0.010336372724868908,0.0,0.0017891029816296962,0.024011212577862,-0.0013813144047173966,0.0,-0.009928584147956608,0.012293525448275694,-0.01669394498929119,-0.0006,-0.0003,-0.025241214732530402,-0.003019105136298099,-0.0006
2006-06-30,-0.013069759256500717,-0.0,-0.0,0.0032578235439025345,-0.012034880772493019,0.0,-0.0,-0.0,-0.0003,-0.0003,-0.0003,-0.009811935712598183,-0.024804640028993734,-0.0003,-0.0017507695521889952,-0.0006,0.0,0.0,-0.032367419199816165,-0.047360123516211716,0.0,-0.024306253039406978,0.0,-0.0003,-0.011446695720306339,-0.026439400036701893,0.0,-0.003385529559897151,0.0,-0.0003,0.0,0.008337162626327898,-0.0,0.0026663409160903573,0.003763512756660852,-0.006655541690067655,-0.0,-0.012326363400305195,-0.0112291915597347,0.016398328786737085,-0.0,-0.0,0.010727507076499545,0.01182467891707004,0.0
2006-07-31,-0.01716917242541121,0.0,-0.0,-0.0001861045855676073,-0.0003,0.0,0.0,0.0,0.0,-0.02168480571650586,-0.0,-0.017355277010978817,0.003532914068959815,-0.022808922166474458,-0.0449893759950789,0.0,-0.04693219779276884,-0.06580945811774919,0.00402952870552704,-0.0003,0.0,-0.0006,0.0,0.0,-0.06147992941222215,-0.0003,0.0,-0.0006,0.0,0.0,-0.021038191079938633,0.00515364515549564,0.027034098984100082,0.0063872606445703455,0.02927692078179002,-0.0003,0.0,-0.0006,-0.0003,-0.0006,0.0,0.0,-0.0006,-0.0006,0.0
2006-08-31,0.006543934434686155,0.0,-0.0,-0.00015,-0.002010130335796745,0.006156477121764974,0.0,0.0,-0.0008896796949743914,-0.005034158195865387,-0.0,0.016739233611122995,-0.0003,-0.0003,-0.014255331027941073,0.004034542964164315,-0.0003,-0.021145602400131584,-0.00015,-0.013588222966348287,-0.005421615508786568,0.0,-0.0,-0.012467772325525933,-0.00015,0.0,0.0,-0.03096677523220727,0.0,0.00867783007460565,0.008485168840640095,0.016651776298201814,-0.0006,-0.0006,0.009605619481462449,0.0,-0.023109395798423974,-0.004219521806318585,0.0008204506408223539,-0.014942788340862254,0.0039470856512431336,-0.0,-0.0,-0.02198894515760162,-0.0030990711654962314
2006-09-30,-0.01417412708104548,-0.0,-0.0,0.004730720902178686,0.01250646572892974,-0.0003,0.0,-0.0,-0.0009181989308197054,0.018669907931985034,-0.0,-0.00015,0.0,0.0,-0.0006,-0.007355457579170152,0.0,0.00931327541928217,0.0375747559152092,0.04535050074196025,0.03422291530908625,0.04309570175189435,0.0,0.03192583608221081,0.0,0.03573722532267808,0.0,-0.0006,-0.017312090091873015,-0.0003,-0.00015,-0.00015,0.0,0.011099390404054013,-0.00015,0.010827585432874003,0.0016547989900658998,0.01932513523080507,-0.0003,-0.0006,0.008197549797931065,-0.0025970792268754437,0.017070336240739167,-0.011769865669683546,0.005900470571055622
2006-10-31,0.004830873638623449,0.0,0.012763600144954887,0.035827161968155455,0.05309196039630932,0.0008830377562764006,-0.0,-0.016324226353976592,0.02906287674304861,-0.010804195602938074,0.0,0.0,0.0,-0.0,0.026432145350848528,-0.0006,0.02393200310442516,-0.0025714690966066357,0.020192092726593933,0.0374568911547478,-0.014452031485285122,-0.0006,-0.03195929559553812,0.013427807501487088,0.0,0.040028360251354436,-0.0,-0.0,-0.0006,0.015699276598093722,0.0,-0.0,0.05742843368038053,-0.0006,-0.006914285225106844,0.05190892264003292,0.07529323210853439,0.06881618675028592,-0.0,-0.0,-0.0006,0.02787983898677221,-0.0006,0.05126414845527369,0.0447871030970252
2006-11-30,-0.0003,-0.0,-0.0003,-0.006504532327436158,0.015053583531622356,-0.0003,0.0,0.0030602308434987575,0.027250343835547194,0.004968971177416629,-0.0,-0.0,0.0,0.0,-0.0006,0.0028122492008525505,0.028098325478193402,-0.0003,-0.000687579507373323,0.02087053635168519,0.021185823859336785,0.0,-0.0006,0.03306729665561003,0.0,-0.0003,0.0,0.0,-0.03272239579551599,0.06363297047456193,0.0,0.0,-0.014024568527291465,-0.0028443014839374015,0.03375487616298335,-0.0003,0.007533547331767049,0.019313814375121113,0.011896760303924838,0.007248834839418645,0.01902910188277271,0.011881472796273242,-0.0,0.019730307635691887,0.03151057467904595
2006-12-31,-0.0,0.0,0.0,-0.016652364895868625,-0.0003,0.00805569646152634,-0.0,-0.0006,0.004178576748266848,-0.018667643022270943,0.0,0.0,0.0,0.0,-0.008233991876015015,-0.0219435347739317,0.021898216310901764,0.0,-0.01760036835550465,-0.0048235386723787365,0.007407693001890314,-0.0,0.0,0.003230573288630821,-0.0,-0.0,-0.0,0.01850251474765189,0.004792971849735202,-0.004838290312765139,0.0,0.0,-0.006566717209248723,-0.02087626010716541,0.020830941644135473,0.0,0.006210112473877192,-0.008099430424039494,0.008054111961009558,0.018441344148146244,0.004131801250229557,-0.004177119713259493,0.0,0.01426422443488675,-4.531846302993636e-05
2007-01-31,0.0,-0.0,-0.0,-0.00015,0.0089339850114367,-0.0003,0.002737154533189245,0.0,-0.0020786778096672856,-0.0003,-0.0,-4.802161932839207e-05,-0.007197181929265464,-0.020281542304240882,-0.0006,-0.0006,-0.01820984475036945,-0.0,0.020281233892066493,0.013282073582129421,0.00019771320715400442,-0.0013109340375034757,0.0,0.001969410761025435,0.0,0.0,0.0,-0.004595152575613149,-0.03072416756611307,0.005853629299135108,-0.0,-0.0,0.019570299854563017,-0.0065587151359369055,-0.00015,-0.0,0.012571139544625945,-0.013557875445873977,-0.0003,-0.0005132208303494715,-0.026642235820849396,0.0017716975538714305,0.0,0.001258476723521959,-0.024870538266977965
2007-02-28,0.0,-0.018274299947757568,-0.013207099779923504,0.009217212171589094,-0.004435962017820191,0.0,-0.0006,0.0,0.006797055659171489,-0.0,-0.018909999235185656,-0.00015,-0.010138861473082341,-0.0003,-0.0,-0.0038854477257315445,0.0010941562039093388,0.0,-0.00015,0.013538337929937376,-0.0003,-0.019712757748200728,-0.027562647128751262,-0.0003,0.0,0.0,0.0,-0.014645557580366664,-0.0218954469609172,-0.0003,-0.013953174189409287,-0.0,0.007628754371145936,0.00037886499059540065,-0.0,-0.011629509498582064,-0.006174419818263351,-0.013424309198813886,0.0,0.0051550896803187135,-0.002094799700231822,-0.0003,0.0,0.0050585978587283295,-0.002191291521822206
2007-03-31,0.0,-0.00794938464887738,-0.018587741834071927,0.019909330510857387,-0.020151608512097498,0.0169832341269187,-0.0,-0.0,0.03973297552440904,-0.012283366001444624,-0.022621723186639173,0.01572534915829014,-0.024185589864664743,0.01294925277435146,-0.0,-0.0006,0.035698994171841796,-0.0,0.0,-0.0003,0.0,-0.006722539849425845,0.012319158025206202,0.0,0.0,-0.0,0.0,-0.017360897034620393,0.0016808008400116536,0.0,-0.00015,-0.0,0.02113617531030892,0.04017787318494097,0.0,-0.0003,-0.018924763712645964,0.00011693416198608336,0.0,0.018510078926370237,0.03755177680100229,0.0,-0.0,0.04095982032386057,0.06000151819849262
2007-04-30,-0.006617862154641668,-0.01084622696586133,-0.0003,-0.00015,-0.0003,0.0014436530656903833,0.0,0.0,0.006676349576536143,-0.0003,-0.0003,-0.00015,-0.0003,-0.0003,-0.0074943528078142,-0.024616185113303903,0.012994211731177811,-0.0006568037674593921,0.005523497673376984,0.038261031219859,0.0,-0.011422717619033863,-0.028544549924523564,0.0,-0.0,-0.0,0.0,-0.01106591385157447,-0.0006,0.01686577277493808,-0.0,0.0,-0.017096215292410847,-0.03421804759790055,0.023046074215774457,0.0,-0.049983748838892866,-0.06710558114438256,0.05578360776225647,0.0008671624125178509,-0.016254669892971852,0.00493269651084576,0.0,0.006099858923363611,-0.011021973382126092
2007-05-31,-0.0003,-0.023245853473073987,-0.0,0.0,-0.0,0.005238029225063471,-0.0,-0.0059095934981078435,0.020974451241812207,-0.0,-0.0,0.0,0.0,0.0,0.01009628473927354,-0.0006,0.030811755092402762,-0.0003,-0.00015,-0.0003,0.0,-0.0033122648832098894,-0.0006,0.04392030471488619,0.0,0.0,0.0,-0.026801616316793883,0.0,0.06770965614847019,-0.0,0.0,0.023651529701276396,-0.0006,0.01725651013039991,0.0,0.018204083071892245,-0.0006,0.02270395675978406,0.025171617814927567,-0.0006,0.015736422016748738,0.014023995091756253,0.040908039831676304,0.026284044739920052
2007-06-30,-0.0024129535823259086,9.585342412275939e-05,0.0,0.012836693093033182,0.015586725142253269,-0.0027757970023630785,-0.0016175454878512019,-0.0006,-0.018189710672806513,0.0019088070064486682,0.0,0.0,0.017699678724579174,-0.0,-0.0006,-0.0,-0.016076757090480606,-0.012841549786450258,-0.013040839668910424,0.0,0.002571650426485838,0.0011133989119739614,0.0043431762105230354,-0.0003,0.00019928988246016574,0.0029493219316802507,-0.0,-0.0006,-0.0,-0.03082711388337953,0.0,-0.0,-0.0006,0.01723401587943346,-0.00015,0.018362522144616346,-0.0006,0.02013404792865354,-0.0003,-0.0006,-0.0,-0.015413913670443435,0.002629777298549074,-0.01717216518495531,-0.013342387886406237
2007-07-31,-0.0003,0.04519436417082541,0.0,-0.006160133530201343,-0.0003,0.0002822945333382223,-0.0006,0.0,-0.030293535063883114,0.041950956652935426,0.0,-0.009553541048091335,-0.0003,-0.0,-0.0,0.0,-0.0335369425817731,-0.039836772894287865,0.051354497701026756,0.05947933322094471,0.044912069637487194,0.048597007383372255,0.02525694897419964,-0.0,-0.00015,-0.0003,-0.0,-0.0,-0.0,-0.11532467212899639,-0.0,0.0,0.0,-0.026097548726827118,-0.024283401533681772,-0.0003,0.0,-0.0006,-0.01600856601376382,-0.0,-0.02025512066328755,-0.030575829597221337,-0.0006,-0.026890891851336272,-0.05023095026050889
2007-08-31,0.0,-0.042690015346432734,-0.0,0.040457468236587406,-0.0,-0.0003,-0.0,-0.0,0.036963427391315515,-0.0003,-0.0,0.011463778076172316,-0.0,-0.0,0.060834956401268306,-0.0,0.007969737230900425,-0.006193867053252464,-0.00015,-0.02517587025440711,-0.05182607975118135,-0.010248749105579519,-0.02353883317071046,0.07935344273774825,0.07680361652976768,0.0,0.0,0.0,0.0,0.07345957568449578,0.057821613328613033,0.03117140383183879,0.07229873447744062,0.05960865041230968,-0.00015,0.0,-0.0,-0.0,0.05447757248334114,0.04097733064560183,-0.0006,0.0278273629865669,0.012690084065130943,0.06940469363216872,0.05611460956703779
2007-09-30,-0.0,-0.0003,-0.0,0.016735215675614243,-0.0,-0.011565443474050372,0.0,-0.0,0.022882860189553364,-0.0,0.0,0.01968439926114516,-0.0,-0.014514627059581288,-0.0006,-0.0034005036728577374,-0.0003,-0.0003,0.047217310723381915,3.0363585420203898e-05,-0.041897538521818045,-0.0006,-0.03048341513509449,-0.0003,0.019298659393887075,-0.0,-0.014128887192323204,0.0,0.0,0.0254463039078262,0.04739767430880212,0.005469772201563871,0.004432047954319141,0.01688389558828742,0.0,0.0,0.0,0.0,0.05354531882274124,-0.0006,-0.0,0.011617416715502994,-0.0006,0.010579692468258264,0.023031540102226543
2007-10-31,0.0,0.0,0.0,0.014674853121616493,0.0,0.010271564923814851,0.0,0.0,-0.019558650895956108,0.0,-0.0,-0.009117089428659794,-0.043597101372292106,0.034063507474091134,0.0,0.0055924415451333925,-0.0,-0.0,-0.045033137178199706,-0.0003,-0.0003,-0.0,-0.0006,-0.07956664119577231,0.0002611605003616903,0.0,0.024685257545069655,0.0,0.0,-0.03397234351721091,-0.0524141908009519,0.024946418045431344,-0.02502412185552789,-0.003524647883526401,0.034083504017572604,-0.0,-0.0,-0.0,-0.0866476948185245,0.04937053990095923,0.0,-0.009287085972141257,-0.0,-0.05925762587310049,-0.037758151901099005
2007-11-30,0.0,0.0,-0.0,-0.006220513486467062,-0.0,0.0010479912352715053,-0.0,-0.006667855386228448,0.0033086821676072574,-0.0,-0.0,-0.03479488279754089,-0.0003,0.02962236054634533,-0.0,0.022506513924845376,-0.02556568714346657,-0.0,-0.0062957218070498495,-0.0,0.0008231995558542924,-0.0,-0.006592647065645661,0.0032334738470244703,0.004037111601446775,-0.0,-0.009209633852642332,-0.0,-0.016925480474142284,0.013566307255521094,0.0126711268954932,-0.005172522251195557,0.01766712866065816,-0.01228836887269551,-0.00015,-0.01814364914668876,-0.0,-0.025559495768188712,0.022200322549567518,-0.0006,0.0,0.004356673402878763,0.0,0.02719632431473248,-0.0027591732186211908
2007-12-31,0.011999490079569958,-0.008066995608249439,-0.0,0.015958300522013556,0.0,-0.0003,0.0,-0.0006,-0.026426956154944514,-0.0,-0.0,-0.00015,0.0,0.03875285517007021,-3.1766964913060064e-05,0.00875712188491626,-0.038726446234514475,-0.0,-0.00015,0.0,0.01868636948225081,-0.02009825265273246,-0.0006,-0.018659960546695074,0.02980962604520105,0.0,0.012602039567312755,0.0,-0.0006,-0.012575630631757019,-0.013769753722599422,0.042411665612513805,0.0042270434775305375,0.012415932327359857,-0.0,0.056181419335113225,-0.0,-0.0006,-0.05615501039955749,0.0,0.029395733285153946,2.6408935555735646e-05,-0.0,-0.03815821319942753,-0.02996932434959821
2008-01-31,0.023355573507478217,-0.0003,0.0,0.023879511167785007,0.00033684198894790186,-0.0,-0.0,-0.0,0.0017830290194120052,-0.0,0.02152653219865921,0.000373937660306791,-0.0,0.037806332756033456,0.04024961625485838,-0.0006,-0.0003,-0.024924940621506044,0.04682541048047205,0.0,-0.0086451400641318,-0.006201856565306876,0.0,-0.0003,0.022350469858966004,-0.0011921993198711015,-0.0003,-0.0,-0.011634313254965868,0.00025398771059300176,-0.00015,0.03833027041634025,0.04077355391516517,0.03338478311393187,-0.0,0.015087601237503141,0.016930884736328065,0.009542113935094767,-0.0003,-0.0,0.0049454873024083745,0.016233788267967245,0.0,0.018677071766792168,-0.0006
2008-02-29,-0.0003,0.0,0.0,0.04071988025278148,0.08762616821182519,-0.0,0.0,0.0,0.00025611802384660487,0.0,-0.018071069085673852,0.001421816377349323,0.0,0.04888166815071619,0.02444158215661929,0.03794246801097174,-0.0,-0.0003,-0.02239511758278177,0.024211170376261932,0.07269860211084729,-0.0006,-0.0,-0.0,-0.01664925270832453,0.030257035250719173,-0.0,-0.0,-0.0006,-0.05711301493725941,0.0,0.05030348452806552,0.025863398533968615,0.039964284388321065,-0.0,0.09720977248710921,0.07276968649301233,0.08687057234736477,-0.0,0.0,-0.0006,0.009839722299130639,-0.0,-0.014600363694966263,-0.0010994778406138127
2008-03-31,-0.0,-0.0,-0.0,-0.013650486890598506,-0.03266288316075212,0.0,-0.0,-0.0,0.033612898125526744,-0.0,-0.0003,0.0020969976269066804,-0.017215398643246935,-0.0003,-0.006420419720836734,-0.0006,0.04906038264303193,0.0,0.03511069717313092,0.01609830090297731,-0.0003,0.0,0.0,0.08207408218925619,-0.0013816425895205918,-0.020394038859674203,0.0,0.0,0.0,0.04588174242660466,-0.0,-0.04884856715259087,-0.004323422093930053,-0.007556170570041803,0.0,-0.06786096342274449,-0.023335818364083667,-0.026568566840195415,0.0,-0.0,-0.0,-0.001585182136465621,0.0026327484761117497,0.0429399629221952,0.03970721444608345
2008-04-30,0.0,0.016839275238657386,-0.0,0.0011526599732630432,-0.015057910958752967,0.0,-0.0,0.0,0.011260282530970544,0.01821645758344375,0.008711591630701801,-0.00022452237152331906,-0.0003,-0.0,0.0090796466204363,-0.0,-0.0003,0.0,0.01829193521192043,0.0020813642799044213,0.017750665070811713,0.0,0.0,0.02839955776962793,0.008787069259178482,-0.007423501672837528,0.0,-0.0,0.0,0.01889469181688598,-0.0,0.0002412701411087162,0.008855124248912981,0.001057440785702397,0.0,-0.015969300790907293,-0.007355446683103029,-0.015153130146313613,0.0,0.008013854107804265,-0.0,0.010348892698816217,-0.0006,0.01896274680662048,0.011165063343409897
2008-05-31,0.0,-0.00815047184660092,0.0,0.013676520997912129,0.03739344416321911,-0.0,0.0,0.0,0.021636369921070417,-0.0026668048339624304,-0.03263646323499434,0.008192853985273639,0.031609777150580616,-0.0,-0.005806790351562462,0.0,0.0,0.0,0.005526049151311208,0.02924297231661819,-0.016817857693868128,0.0,0.0,0.013485898074469498,-0.024443609249720704,-0.0007266860844137232,-0.04708751609490004,-0.0,-0.0,-0.016483760326562416,0.0,0.022343906845179336,0.0023860636337111767,-0.0022692385409502514,0.0,0.04606083001048632,0.02610298679901816,0.021447684624356728,-0.0,-0.01995784321146816,0.0,-0.0003,0.0,0.010345912556869466,0.005690610382208038
2008-06-30,-0.0,-0.0026365790105153594,0.0,-0.008481169084280576,-0.0018802512163108454,0.0,0.0027104513014250377,-0.0,-0.0003,-0.008581476370035092,-0.0003,-0.0025362717247608435,0.004064646143208887,0.0,-0.0026344460580946948,0.0,0.0,0.0,-0.011117748094795935,-0.004516830226826205,-0.0003,-0.0,-0.0,0.008147393524884607,-0.03078458123462822,-0.02418366336665849,-0.0003,0.025013863451772683,-0.0,-0.011519439614947679,0.0,-0.027118309478731954,-0.005170717782855538,-0.00349191697369851,0.0,-0.02051739161076222,0.0014302000851141921,0.0031090008942712202,0.0,0.021947591695876414,-0.0,-0.008153167859051411,-0.002278800809157028,0.014094423836825003,0.015773224645982034
2008-07-31,0.0,-0.0003,-0.015538878728342016,-0.05895411382491801,-0.0003,-0.0,-0.0006,0.0,-0.05256104489498461,-0.007865636495980668,-0.0,-0.08261292956908012,-0.0003,-0.0,-0.0006,-0.0,-0.07621986063914671,-0.04706333096848479,-0.09047856606506079,-0.055887938971998126,-0.04210959953888756,-0.0,-0.0,-0.08378549713512738,-0.00015,-0.0003,0.0,-0.0084578501628658,-0.01672738578474819,-0.0003,-0.03474062709306266,-0.04866896652617323,-0.052173085259441795,-0.059842620881324186,0.0,-0.0003,-0.017582458166379135,-0.025251993788261526,-0.028197558163129258,-0.0006,-0.011773654355150955,-0.041975897596239826,-0.0006,-0.04548001632950839,-0.05314955195139078
2008-08-31,-0.0,0.0,-0.0003,-0.03903505257045127,-0.04337170501755367,-0.024649955250507206,0.0,0.0,-0.06341195002916654,-0.0003,0.0,-0.01894884137642289,-0.023285493823525294,-0.004563744056478825,0.0,0.0,-0.043325738835138156,-0.03669690220877723,-0.07570663559848827,-0.07974328804559067,-0.0610215382785442,0.0028025813176316035,-0.0027514235340878705,-0.10008353305720354,-0.039159733389711036,-0.0,-0.0,-0.0006,-0.0006,-0.0636866308484263,-0.00015,-0.00015,-0.07910921691611987,-0.0735552120644004,-0.0,0.0,-0.08314586936322227,-0.0775918645115028,-0.0003,0.0,-0.05887011474445633,-0.0003,-0.0,-0.10348611437483514,-0.09793210952311567
2008-09-30,-0.0,0.0,0.03252204917884136,-0.10276770565733466,0.03381540814316368,-0.0003,0.0,0.0,-0.0003,0.0,0.04121501485996456,-0.09407473997621146,0.04250837382428688,-0.0003,0.0,0.0,-0.0003,-0.04449006370069633,-0.18007981853687235,-0.043496704736374014,-0.0003,-0.0006,-0.0006,-0.0003,-0.00015,-0.001293358964322316,0.09391015483778979,0.0077659556799655645,0.02367100637287452,0.20879210329957762,0.0,-0.041529599998386235,-0.12722379915621046,-0.1113187484633015,-0.0,0.09490351380211211,-0.0006,0.025264365337196837,-0.0,0.0,-0.0006,-0.11548194846178782,0.015305050692908957,-0.0006,-0.1851210969267031
2008-10-31,0.0,0.0,-0.0003,0.0032374422731052148,-0.0003,-0.043914665684620775,0.0,0.0,-0.0,-0.0,0.0021627882728453077,-0.04894657212602389,-0.033510176089676616,-0.0,-0.0,-0.0,-0.0,-0.0003,-0.00010163249637228002,-0.0003,-0.04057559091514328,0.0,0.0,-0.0,-0.0512593603988692,-0.0003,0.01073213698735364,0.011459259453202038,0.010845160811812325,0.07963926314076429,-0.015586396036347275,-0.04037722341151556,-0.03965010094566716,-0.040264199587056876,0.02837990274189509,-0.024940827375168288,-0.02481370490931989,-0.0006,0.04366629877824236,-0.0,-0.0007130238244586856,-0.06890712615341066,-0.0006,-0.0,-0.0006
2008-11-30,0.14069682554954546,0.0,0.0,0.09400037236098503,0.0,-0.0003,-0.08768361380984192,0.0,-0.04472554150023367,-0.0,0.1066724802540963,-0.00015,0.05719429480059171,0.17754224149221845,0.053313211739703534,0.07905883796085672,0.09627128404931179,0.0,0.06816611445157628,0.0,-0.0003,-0.06184935590043317,0.0,-0.01889128359082491,0.06027602706553587,0.0,-0.0003,-0.0006,-0.0006,-0.0003,0.010797841612031293,0.130845788303658,0.00691675855114311,0.0326623847722963,0.049574830860751366,-0.0003,-0.003881083060888183,-0.0,0.03877698924872007,0.0,-0.0006,-0.0003,-0.0,-0.0,-0.0
2008-12-31,-0.0688890490424671,0.0,0.0,-0.08151802447098017,-0.0,0.0,-0.0006,-0.02360717511437115,0.09212734328019687,-0.07454405107868671,-0.1176509572149072,-0.012778975428513068,-0.0003,-0.07138038280204248,-0.0006,-0.0006,0.023238294237729766,0.0,-0.08687302650719979,-0.0,-0.0,-0.0990785564007747,-0.02896217715059077,0.09748234531641649,-0.13027993264342028,-0.0,-0.0,-0.1418854625369952,-0.07236908328681126,-0.0,-0.009014790555866055,-0.08400935823055555,0.011005529893574909,-0.05851084935660902,0.010609318809216698,0.0,-0.0006,0.0,0.019624109365082753,-0.0,-0.0,0.09431867703977226,0.0,-0.00099621108435821,0.0685201681658257
2009-01-31,-0.0011848018459633507,-0.0,-0.0,-0.00958973998568185,0.0,-0.0,0.0,0.06471498469222478,-0.07482298994854467,0.01793668311266114,-0.0003,-0.00015,0.0,0.0035636730816173603,-0.008649334050605568,0.0,-0.07600779179450802,0.017097614188502287,0.009531744972942641,0.036021762534259136,0.0,-0.0006,0.08383646965084927,-0.0003,-0.007865869215559648,0.0,-0.0,-0.0006,-0.0006,-0.07684686071866687,-0.00015,-0.004841265058101139,-0.016454272190324068,-0.0006,-0.08441272993422652,0.021648752503215355,-0.0,0.0,-0.05762271237291003,0.0,0.06886345961980549,-0.0003,0.057250452487582565,-0.06795845774390245,-0.010108005256319885
2009-02-28,0.04537561626891288,-0.0,-0.0,0.047784514573527205,0.038539153796416266,-0.02375386605069022,0.0,-0.04235251538482206,-0.0003,0.07607097810581336,-0.0,0.0,-0.0,0.021921750218222662,-0.0006,-0.0,-0.01675269476174432,-0.0003,0.07847987641042768,0.06953451563331674,0.0,0.0,-0.011657153547921587,0.0,0.1264541961159581,0.0,-0.10242354759312111,0.0,0.0,-0.1407979925730881,-0.0,0.024330648522836985,0.04602918541890346,-0.0,-0.014343796457129994,0.015385287745726044,-0.0,-0.0,-0.023289157234240937,-0.022298536896066475,-0.06580638143551229,0.0,-0.0006,-0.06037298187603345,-0.10448082641547926
2009-03-31,-0.0003,0.0575034661722862,-0.0,-0.00015,-0.0003,-0.00026883890128053586,0.027651072192640385,-0.0006,0.0037573008326221066,0.023053948841308153,0.0,0.0,-0.0,-0.03501835623225859,-0.007098445138337666,0.0,-0.030692216498355945,0.054443772490284634,0.05766652249515745,0.0029914837674903383,0.0,0.0,0.02442297716093931,0.0,-0.00015,-0.0,-0.003328532583282103,0.024591378510638816,-0.0,0.0009976071506205388,-0.0,-0.0004057825784092909,0.02811412851551163,-0.0,0.003920357155493351,-0.0550808213060764,-0.02716091021215548,0.0,-0.050754681572173756,-0.0006,-0.03364932791262743,-0.0,-0.00572941681870651,-0.0006,-0.02932318817872479
2009-04-30,-0.0,-0.0003,0.048280088049862536,0.0,-0.0,-0.0009086376356796377,-0.02454389628255952,0.017597040444736974,-0.032387790844367145,-0.0003,-0.0,0.0,0.0,-0.0003,-0.047425887154067335,0.040479031316244786,-0.0003,-0.0003,0.09076158407532238,-0.0003,0.0,-0.05049552905615123,0.04354867321832868,0.0,0.11384003935159322,0.0,-0.0003,-0.0006,0.06617712849459952,-0.0003,0.0857859976066617,0.06450131366605104,0.040866055019171156,-0.0,0.03302216045736353,-0.0003,-0.04506994258749054,0.03812308674966799,-0.0003,0.0,0.017288402809057336,0.0,-0.006346855837822546,0.0,-0.014190750399630171
2009-05-31,0.02472351998884823,0.016625714032008947,0.020797626124697738,-0.0,0.0,-0.009223519757088822,-0.011111590941775506,-0.0006,-0.0022817889109074943,-0.008397805956839281,0.0,0.018070497275228293,0.0,0.0,-0.036135110930623736,0.03171893182827468,0.0,-0.0,0.010122691318389013,0.068983972507625,0.0,-0.0006,0.023621125871435396,0.0,0.013994603411077802,0.0728558846003138,0.0,0.0,0.027493037964124185,0.0,-0.00015,-0.016026542470708758,-0.017914613655395442,0.0,-0.00908481162452743,0.04283473871852723,0.04124666753384054,-0.0006,0.049776469564708554,0.0,-0.002528107917662375,-0.0,-0.004416179102349059,-0.0,0.004413622928518953
2009-06-30,-0.0029819021697703348,0.018011910300863066,0.007156986804091242,0.0,-0.0,-0.00034381041410073976,0.03302157942363118,-0.0,-0.0003,-0.0003,-0.0,0.016052309338610522,-0.0,-0.0,0.03600348159340151,-0.05268295698684588,-0.0,0.0,0.03704612180924392,-0.03758956075498504,0.0,-0.0,-0.03168914451621248,0.017076331530191762,0.0261911983124721,-0.0003,0.0,-0.0,-0.0425440680129843,0.0,-0.0,0.018690401094280117,0.052055790932012035,-0.0,0.01966979027905216,-0.0003,-0.02257989163221693,0.005300416238772563,-0.0003,-0.0,-0.05004486523117628,-0.0,-0.016679475393444367,0.031786000652959875,-0.04906547604640424
2009-07-31,-0.02981861405478824,0.008348457177925834,0.03330852076146803,0.0,0.0,0.0035638623995021866,0.01305621083735983,-0.0,-0.0,0.03786707123271407,0.06282713481625628,-0.023850724828399554,-0.0,-0.0,-0.0006,-0.038835536831517616,-0.0,-0.0,0.01431634640431452,0.03039049013412318,0.0,-0.0,-0.0006684655988035398,-0.004023711814413144,0.03927640998785672,0.05505055371766538,0.0,0.0,0.024291597984738657,0.020636351769129053,-0.01622414372980866,0.009531751625890874,0.019024100063748516,-0.0,-0.00015,-0.0,-0.0006,-0.03105895573292672,-0.0,-0.0,-0.005453060377227186,-0.0,0.004039288060630456,0.0006840418450208517,0.003355246215609604
2009-08-31,-0.0003,0.027232564417885703,0.03573414054751231,0.01962473269081947,-0.0,-0.0003,-0.0006,-0.00015533428424152282,-0.0,-0.0003,-0.0003,-0.018872443883399974,-0.0,-0.0,-0.0,-0.038202510858460964,-0.0,-0.0,0.04700729710870517,0.024030234373349103,0.0,0.0,0.02767723013364418,0.010492883823776042,0.05550887323833178,0.03253181050297571,0.0,0.0,0.03617880626327079,0.018994459953402647,-0.00015,0.01873445524378148,0.03961016266431435,-0.0,-0.0,0.0,0.01603309992895828,0.003646995760295077,-0.0,-0.0,-0.000595611731279512,-0.0,0.020280095689253357,0.0030957493793852195,0.017184346309868138
2009-09-30,-0.0,-0.0003,-0.0003,0.009236960029536442,0.0,-0.0,0.00544838858963638,0.019927214404311458,0.0,-0.003502189662384343,0.0,-0.00015,0.0,0.0,-0.014875303414431548,0.04025090640837938,0.0,0.0,0.026358462371220026,0.030722328828750745,0.0,0.0,0.03704871674599504,0.03760225921566698,0.0015643149701961806,-0.0003,-0.0,-0.0,0.012254569344971196,0.01280811181464314,0.0,0.013501111414703853,0.015285348619172821,0.010090254374775015,0.0,-0.0,0.01964921507670354,0.006326387917244296,0.0,0.001184237204468969,0.024191365789478867,0.0,0.025975602993947834,0.02652914546361978,-0.0005535424696719443
2009-10-31,0.0,-0.0029424644927661184,0.0,-0.00015,-0.0,-0.0,-0.015265067609534342,-0.0006,-0.0,0.01809919309544787,0.0,-0.0,-0.0,-0.0,0.00547658997867965,-0.0006,-0.0,0.022862477297615973,0.014154814859868187,-0.004415452758232153,-0.004887172003772124,0.0,0.005661898821002719,-0.035432530016516674,-0.00015,-0.0,-0.0,0.00993987418084775,-0.0006,-0.0003,-0.0,-0.00015,0.0015322117430999634,-0.0006,-0.0,-0.0,-0.017038055875000378,-0.0006,-0.0,-0.01720977512054035,0.010249070824774843,-0.0,-0.006960704295765504,-0.0480551331332849,-0.0006
2009-11-30,-0.0,0.029138613327878416,-0.0,-0.0,-0.0,-0.0,-0.0006,-0.0,0.0,-0.0007422044700739101,-0.0,-0.0,-0.0,0.0,-0.0006,0.007557969000070955,0.0,-0.03170538758017697,-0.015287541643617907,-0.025757451830806917,0.014690658519663898,-0.00012057318774195286,0.0074157645299970446,0.062450957627644035,0.0,0.0,0.0,-0.03218481439243502,0.0,0.0,-0.0,0.0,-0.0006,0.0,0.0,0.0,-0.0006,0.03257321636080396,0.08790840945845096,-0.0006,-0.0006,0.0,0.0069363377177389975,0.06197153081538599,0.0
2009-12-31,-0.0,0.023182672097162904,-0.0,-0.0,-0.0,-0.0,0.010553244749415658,-0.0,-0.0,0.0006538371713743427,0.0,-0.0,0.0,0.0,-0.011975590176372904,0.022305458317528302,-0.0,0.01839691339830105,-0.008854726352137576,0.00913471857125769,0.009966919320387239,-0.0006,0.022959295488902645,-0.038270227469761414,-0.0,-0.0,-0.0,0.006367486050553803,0.0,-0.0,0.0,0.0,-0.021484153699884823,0.03121402184104022,-0.0,0.0,-0.003494708776489556,0.013824576917644955,-0.0474049460410191,-0.0026625080273600076,0.0,-0.0,0.010929868141155399,-0.05029965481750866,-0.0
2010-01-31,0.0,0.027416916899644556,-0.0,-0.0,-0.0,-0.0,-0.0006,-0.0,-0.0,0.0618703361704488,-0.0,-0.0,-0.0,-0.0,-0.0006,-0.0006,-0.06644580441180785,0.017460467579281092,0.012889703382215081,0.00031607607342654977,0.02716347382381637,0.007398944568151759,-0.026456841623945987,-0.004275468241359059,-0.0,-0.0,0.0,-0.0006,-0.0,-0.0,-0.0,0.014123770441601286,-0.0006,-0.0006,-0.01731517162357414,0.0,-0.0006,-0.0006,-0.0003,-0.0006,-0.0,-0.0,-0.0006,-0.012274412809510818,0.0
2010-02-28,0.005657447806547455,0.03509616282224387,-0.0,-0.0,-0.0,-0.0,0.0032095892842388153,0.0,0.0,0.02913871501569642,-0.019353552352339872,-0.0,-0.0,-0.0209126900495463,0.0,0.010358572929908173,0.0469036990252221,0.010085162663356548,0.02596723449901467,-0.009350475634783868,0.008526024966150122,0.031286573538005055,0.04009728794560459,0.07604241404091852,0.0,-0.0,-0.0,-0.02180141087464851,0.0,0.0,-0.0,-0.00015,0.0,0.0,-0.00015,0.0,0.0,0.0,0.0,-0.023360548571854937,0.0,0.0,0.008210714407599533,0.044755840502913466,0.0
2010-03-31,0.02428430939626598,0.03403048364521177,-0.0,-0.0,0.02011618572844916,0.0,0.02377752041025262,-0.0,-0.0,0.009746174248945791,-0.0003,0.0,0.0,-0.0003,0.0,0.012794858440149461,0.017288324774226517,-0.014716149394222527,0.018060291021359635,0.013614297916762608,0.040299483938644826,0.01025296323495915,0.022541032689095252,0.027034499023172308,0.0,0.0,0.0,-0.0006,0.0,0.0,-0.0,0.0,-0.0,0.0,0.0,0.0,-0.0,0.008326734772332645,0.013120201106409704,-0.0006,-0.0,-0.0,0.012288069454136102,-0.0006,0.0
2010-04-30,-0.0003,-0.016223183602540395,0.0,-0.0,0.03472939282019763,-0.0,-0.01363283586978574,0.0,-0.0,-0.03374877987460547,0.0,-0.0,-0.0,0.0,0.0,-0.0006,-0.0003,-0.016212364372601082,-0.08821507440523042,-0.050952576422738025,-0.019610113378922822,-0.0025903477327546554,-0.013994121367536028,-0.1252695492734367,-0.0,0.03444021205013694,-0.0,-0.014222016639846426,0.0,-0.0,0.0,0.0,0.0,0.0,-0.0,0.0,0.0,-0.0006,-0.07431697285069866,0.0,0.0,-0.0,-0.0006,-0.12327920154068203,-0.0
2010-05-31,-0.0,0.007946392613280966,-0.022913932524569615,-0.0,-0.0003,-0.0,-0.0006,-0.0,-0.0,-0.02887683365092788,0.013909293739639233,0.0,0.0,-0.0,0.0,0.0,0.0,-0.014667539911288646,0.0023495041199186736,0.012575714114529499,-0.06602220014829356,0.007861829861488263,-0.003170755496661402,-0.02350952296922591,-0.01716704403120732,-0.027243254025818148,0.05105466023700491,-0.022529369772776912,0.0,0.008541983057937264,0.0,-0.0,0.0,-0.0,-0.0,-0.0,-0.0,-0.0,-0.0003,0.0,0.062251444651632154,0.0,-0.0,-0.0006,-0.0
2010-06-30,0.0,0.006705739325833696,-0.0003,0.0,0.0,0.0,-0.0,-0.0,0.0,0.018456708424602987,-0.0003,0.0,0.0,0.0,-0.0,-0.024621955622550807,0.0,0.015771900614910565,0.06881063237455541,0.0385423062040396,0.03423335740975758,-0.0025284861576585355,-0.00556524719794782,0.045276752193176686,-0.00015,-0.0003,0.017861456794847016,-0.0006,-0.021937147812858385,-0.0003,-0.0,-0.0,-0.0,-0.0,-0.0,-0.0,-0.0,-0.0,0.0,0.03616184356741611,-0.0006,0.0,-0.0036367610402892846,0.0,0.0
2010-07-31,-0.0,0.015541768414469807,-0.007629176503879552,-0.0,0.0,-0.0,0.0,-0.0,-0.0,0.010547849816295495,-0.012623095102053864,-0.0,0.0,-0.048404534317692476,0.0,-0.0006,-0.0,-0.0003,-0.012055174028982457,0.02058042400676012,-0.03755668450139697,0.025663476403939782,0.011222276259653184,-0.0393626114812935,-0.035076118947331814,-0.0,-0.06042762941974633,0.0,-0.011648668658696175,-0.06253355639964285,-0.032785598035742575,-0.0,-0.03831865043292224,-0.02387745028863564,-0.0,-0.058437108508157094,0.0,-0.0,-0.06024303548805362,-0.06322016090533676,-0.04937896076105017,-0.0,-0.0006,-0.06562608788523328,-0.0
2010-08-31,0.0,0.013437118860566408,-0.01991627545290127,0.0,-0.035578316910093936,0.0,0.0,-0.0,0.0,0.05808342354105373,0.024730029227586055,0.0,0.00906798777039339,-0.0003,-0.0,0.06127780335889547,0.0,0.0,0.08239270047306958,-0.0003,0.04790904084579564,0.016373316878635455,-0.0037943798178417393,0.07561281559531573,0.049039306159601906,0.0,0.014555646532327965,-0.017580077434832222,-0.0006,0.04225942128184805,0.03367726470240924,-0.0,-0.0006,0.08618708029091132,-0.0,-0.0008063949248647007,-0.03294211889202489,-0.0,0.026897379824655388,-0.0006,0.05170342066363738,0.0,-0.0,-0.0006,0.07880719541315746
2010-09-30,0.0,-0.0021399315594772227,-0.0003,0.0,-0.010962117883579554,0.02580768214354805,0.0,-0.013538362462014486,-0.0,0.001385854127416701,-0.0003,0.0,-0.00743633219668563,0.022281896456654127,0.0,-0.0006,-0.018959155283207352,-0.0,0.019903007927262184,0.0,0.02396775058407083,0.015503674782268462,-0.0006,-0.01727330115579065,0.041989074883095515,0.0,0.04605381753990416,-0.0006,0.0,0.0048127658000426815,0.011080821603159853,0.0,-0.0,0.009104577024724921,-0.0,0.015145564259968498,-0.0006,0.0,-0.02609548747989298,0.007864075801802367,0.013169319681533566,-0.0,-0.0,-0.03337697593805911,-0.028071732058327914
2010-10-31,-0.0,0.046972714173259045,-0.0,-0.0,0.056017264765191796,-0.049608986278259735,-0.0,0.018871748249118525,-0.02569443429177165,0.0116253286870081,-0.0,-0.0,-0.0003,-0.014261600792008793,0.0,-0.01707563723713242,0.009952951194479295,0.0,-0.016040450455448274,-0.0,-0.0026362721050006924,0.0335619015593824,0.0,0.021578279881487396,-0.00015,-0.0,-0.008089644673721983,0.0,-0.02324759335541923,0.016124907312766106,-0.006995899863515522,0.0,0.0,-0.044141416379588794,0.0,0.00640827848693206,0.0,0.0,0.030622830473420147,-0.03619817366438309,-0.03073723802914121,0.0,0.00486093563524188,-0.011983621677895004,-0.006522686042653124
2010-11-30,0.0,0.037628546785300546,-0.0,0.0,0.007637049322245456,-0.04544103998640976,-0.0,0.01938474034208482,-0.0003,0.06777270860535767,-0.0,-0.0,0.03748121114230258,-0.07558520180646688,-0.0,0.049528902162141945,-0.0003,0.02138968246659552,0.056073440030951445,0.0,-0.007812493201109223,0.005368367762831866,0.0,0.03325774071277131,0.0,-0.008601814996459565,-0.029502175667704744,-0.0,0.0034458760233797986,0.011568058246175787,0.02608194256789636,-0.0,0.050105072268119576,0.03782963358773572,-0.0,-0.03780399066416431,-0.0,-0.0,0.003266243249716222,-0.01318086096394109,-0.026056299644324946,0.0,-0.0006,0.027889372949939442,0.015013934269555586
2010-12-31,-0.0,-0.04446370124941801,0.0,0.0,-0.0003,-0.0003,0.0,0.016488063559954656,0.0,-0.05234978676886643,0.0,0.0,-0.0003,-0.0003,0.0,0.008601978040506233,0.0451039783161365,-0.01929562473885195,-0.010674897747484202,-0.0,-0.007367165447929787,-0.03186721639859167,-0.0,-0.006945808452729928,0.0,-0.0003,-0.0003,-0.0,0.041656140070520715,0.012349816286122021,-0.00036924075317040447,0.0,-0.0006,0.05027686706188846,0.0,0.00293849154638401,-0.0,0.05004610781505887,0.00335984854158387,-0.0006,0.05358459936144288,0.0,0.028484548410780994,0.024921407945861743,0.05400595635664274
2011-01-31,-0.0,0.017107145319021716,0.0,0.0,-0.0,-0.0,-0.0,0.008250667808558623,0.0,0.010496911286624184,0.0,0.0,-0.0,0.0,-0.0,0.0016404337761610904,-0.0003,-0.0003,0.023507404689504654,-0.0,0.012928528848446552,-0.0006,0.0,0.02320385014329124,-0.02567759064355141,-0.0,-0.03640646648460951,-0.0,0.04017851782259297,-0.02583114518976482,0.02937920032676623,-0.0,0.029428736338822616,0.01465092717904156,-0.0,0.018800324485708127,-0.0,-0.01472827314772467,0.029075645780552817,0.018849860497764517,0.004072051337983459,0.0,-0.015377809159781056,0.029725181792609204,0.014347372632828148
2011-02-28,0.0,-0.006834125617961213,-0.011081536041342948,0.0,-0.02612671407977042,0.0,0.0,-0.022599529561765537,0.0,0.03378943339582667,0.02954202297244493,-0.0,0.01449684493401746,-0.0,-0.0,0.01802402945202234,-0.0,0.0,0.021777888267793078,0.0,0.005536278965840739,0.005189990999933447,0.0,0.03179796902641027,0.017830477844411344,0.0,0.001588868542459005,0.0,-0.011817993520422591,0.027850558603028534,0.002785299805983872,-0.0,-0.0006,0.006012484323988753,0.0,-0.013456309495968467,-0.0,0.003227184518004881,0.012805380564601062,-0.0006,-0.010229124977963586,0.0,-0.009975412943870878,-0.0006,0.01603256508260594
2011-03-31,0.0,0.013516338689081343,-0.0003,0.0,-0.019941128260395378,-0.0,-0.0,0.0030397450553080047,0.0,0.01864861424135475,-0.0003,0.0,-0.0003,-0.0,-0.0,0.00817202060758141,0.021684578119104077,0.0,0.058246535018055524,0.0,0.002926910876844685,-0.0006,-0.011076593633773339,0.04063319236045883,-0.00015,0.0,-0.0003,0.0,-0.008848140815127116,0.039004739541812605,0.024789068068578803,-0.0,-0.0,0.047769941384282186,-0.0,-0.030530556072632036,-0.0,0.022980873315703382,0.007175725410982107,0.00016200100776410712,-0.007549682756928654,0.0,-0.00831168376469276,0.03786828249137825,0.03015659872668549
2011-04-30,-0.0,-0.0003,-0.0,-0.0,-0.0003,-0.0,-0.0,0.005973453908123028,-0.030030946954784733,-0.006898359479816221,0.03658165203411557,-0.0,-0.0057412206598274566,-0.0,0.0,-0.008673399116489785,-0.0003,-0.0,-0.00015,-0.0,-0.03841158443019377,0.0,-0.0017750396366735637,-0.02198245340998814,0.0,0.0,0.0050684270837380255,0.0,-0.04555505115060536,0.021797558103943657,-0.00015,-0.0,0.0,-0.023573990585396987,-0.00033350246126471605,-0.03695444561020501,0.0,-0.0032321784566623282,-0.020525314589999375,-0.041864016336856005,-0.040186624066867335,0.0,0.0016773922699886736,-0.025434885316650377,-0.023757493046661703
2011-05-31,0.0,0.0,0.0,0.0,0.0,-0.0026222777898282992,0.0,-0.029756488596021546,0.00314524670898636,-0.0003,-0.0003,-0.0,0.02806519840020261,-0.0,0.02510465813100447,0.003931043014562711,-0.0,0.0,0.0,0.0,-0.002847547441891543,0.0,-0.029231218943958304,0.0026199770569231163,0.0,0.0,-0.00503563172473989,0.0,-0.027043134661109955,0.00043189277407476925,-0.0,-0.013583227934237314,-0.0,-0.018645538451612532,-0.007965703435422654,-0.007944611000209944,0.0,-0.0241341553856399,-0.0024770865013952854,-0.010305151269408085,-0.03207876638584985,0.0,-0.02177361511644176,-0.004837626770593426,-0.026611241887035186
2011-06-30,-0.0,-0.0,-0.0,-0.0,-0.0,-0.07393323632278673,-0.0,0.0124089150991346,-0.05219352200587524,0.004136008526482543,-0.0,0.0,-0.0003,-0.0,-0.0006,-0.020167062027259982,-0.0,-0.0,0.02846041186058775,0.0,-0.03692125066990961,0.0,-0.024603070553742525,-0.015181536352998112,0.0,0.0,-0.005857716424239275,0.0,-0.055666604799412864,0.015881997892672223,-0.0,-0.00015,-0.0,0.004007341306845224,-0.00015,-0.05406259804347108,0.0,-0.007461723180181061,-0.03232288372655957,-0.06377943402139546,-0.06152432122365213,0.0,0.002255112797743329,-0.04203971970448397,-0.03978460690674064
2011-07-31,0.013151519835396978,0.0,0.02608941509957131,0.0,0.02662445461268113,0.021913257289290434,-0.004823685830819626,-0.0006,-0.006391021309855782,-0.012645945333249184,0.0,0.010905425868269956,0.0,0.0,-0.0,0.006859798238542129,-0.0,0.0,0.02340137120151914,0.0,-0.0003,-0.0,0.019505743571791315,-0.0003,0.023843321132444292,0.0,-0.0003,-0.0,0.019797693502716464,-0.0003,0.024378360645554112,0.019367163322163414,-0.007219779797946646,-0.0006,-0.008937115276982804,-0.0003,-0.0,0.020332733015826283,-0.0003,-0.0006,0.015321535692435587,-0.0,-0.010815407427674475,-0.0006,-0.01298274290671063
2011-08-31,-0.02745343633977034,0.0,-0.0003,-0.0,-0.008221997345989544,0.050769243494384164,-0.0006,-0.0070730682409865485,-0.0003,-0.04978399930224955,-0.06626001208123528,0.040140762952655444,0.0,0.0,-0.04596147762271876,-0.03392650458075689,-0.0,0.0,-0.00015,-0.0,0.028138680531904957,-0.0,0.015857494721492657,-0.0,-0.00015,-0.0,0.011962667752919218,-0.0,0.0320335075004784,-0.0,0.05937220194643624,0.11836344278680995,-0.0006,-0.07466726753341234,0.007096526657380288,0.0,-0.02673003862893796,-0.014695065586976093,-0.0,0.03226120221143575,0.044296175253397616,-0.0,0.011434973041961866,-0.0,-0.06697074087603205
2011-09-30,0.004638585651713802,-0.0,-0.0,0.0,-0.0003,-0.0010257848152348814,-0.021920945535324,0.01759885592817189,0.0,0.056132483108252314,0.025474102150227676,-0.03286692521676483,0.01254792789237639,-0.0,-0.0006,0.02223744157988569,0.0,0.0,0.0,0.0,0.05046811264130363,0.02957295192121451,-0.03389504152836662,0.0,0.0,0.0,0.019809731683278993,-0.0010854290368101267,-0.0032366605703419843,0.0,-0.00015,-0.03853129568371351,-0.05942645640380263,0.05510436679665052,-0.00015,0.006883557425427707,-0.014311603294661412,0.009389513687509302,0.0,-0.0006,0.01657307111293701,0.0,-0.003722089607152111,0.0,0.06716623662828904
2011-10-31,-0.0003,-0.0,0.0,-0.0,-0.0,0.010004625242666196,0.007869343711816565,-0.0006,-0.0,-0.0003,-0.0003,-0.00015,-0.0003,0.017550107981951696,0.0,-0.015552535375478654,-0.0,0.0,-0.0,-0.0,0.01367047616053823,0.011535194629688598,-0.011372903554065186,-0.0,0.042059531538636195,-0.0,0.0027115622438482964,-0.0006,-0.0004139896373752533,-0.0,0.0,0.04492109378248449,0.04278581225163486,-0.0006,-0.0,0.01912245182669006,0.016987170295840428,-0.016824879220217016,-0.0,0.001535281530849631,0.002297572606473043,0.04957306909217217,0.00016229107562341222,0.04713778756132254,-0.04757549648569913
2011-11-30,0.024651998033784768,-0.0,0.04169661958030873,0.035244354914530505,0.03886766396242542,0.005787992326606355,0.0012035378158970626,0.01901130806880297,0.04279586907075147,-0.015071283678064653,-0.0,0.010292356880745732,-0.0,-0.0003,0.0,-0.0053406899649817985,0.017843871036966698,0.0019733378684593126,-0.004478926797318919,-0.0008556177494240019,-0.03393528938524307,-0.038519743895952356,-0.02011197364304645,0.0030725873589020477,-0.00015,0.0,-0.0003,0.0,-0.022385311511505763,-0.0,-0.003923309047894917,0.029006362587924148,-0.0006,0.0,-0.0,-0.0003,-0.0006,-0.019556355893622448,0.00362820510832605,-0.0006,0.013223315742196616,0.036707876744145114,0.01720777025290591,-0.0006,-0.0006
2011-12-31,0.007305640686824331,0.02955065778486197,0.05006596249953551,-0.006876884484444065,0.005525181564290864,-0.0003,-0.0006,0.002892356164933287,0.0014092160540724276,-0.0003,-0.0,-0.00015,-0.0020804591225334675,-0.0026823367607436265,-0.0038514393593020585,-0.0006,-0.0003,0.02021530471467354,-0.03672754226930604,-0.02432547622057111,0.019562680337294015,-0.0006,-0.0006,-0.0003,0.0,0.0,0.04007798505196755,0.03890888245340912,-0.0006,0.04835674644546308,-0.00015,-0.016564861932012023,-0.018033964530570455,-0.0,-0.008436100538516494,-0.004462795883277094,-0.005631898481835526,-0.0006,0.0035159655102184363,-0.0,-0.006795621282634671,-0.00827876139349553,-0.007664723881193103,0.0,0.0
2012-01-31,-0.011161767358510478,-0.00371505972356468,-0.0037760576843044735,-0.023901489267689032,-0.004694190907484262,0.0,-0.0,0.01205211083708065,-0.08444990307197273,-0.0,-0.0,0.0,-0.0003,-0.008858442646960209,-0.04092091499977297,-0.0,0.0,-0.0003,-0.020186429544124352,-0.000979131183919582,-0.001411735012014411,-0.03407420736482718,0.01516717056064533,0.0,-0.02027543158338456,-0.0012181332231797886,-0.0014727329727542045,-0.03353520532556696,0.015228168521385123,-0.0003,-0.0,-0.021598164556138763,-0.05366063690895152,-0.0,0.0605484138042837,-0.002390866195933993,-0.034453338548746756,-0.0,0.07975571216448847,-0.0,0.014355435548630918,-0.0003,-0.01770703680418184,0.0,0.09590201390905338
2012-02-29,0.0035857434666338823,-0.0003,-0.0003,0.0011439841451401675,-0.010616939037108707,-0.0,0.0,-0.0006,-0.0003,0.0,0.02390293758604584,0.0,-0.01450268250374259,0.0027741877139393976,0.023512204902991437,0.005967307690390453,0.0,-0.0,0.03534904927371976,0.023588126091470887,-0.03501662088127408,-0.014278603692222041,-0.0006,-0.0,0.021761178264552126,0.01000025508230325,-0.0003,-0.0006,-0.0006,-0.0,0.0,0.0003324283924456828,0.02107044558149772,0.0035255483688967377,0.016086327653924627,-0.011428494789803192,0.009309522399248846,-0.008235374813352138,0.004325404471675752,0.0,-0.0006,-0.016053899261478946,-0.0006,-0.0,-0.0006
2012-03-31,-0.0003,0.014453306334860987,-0.0,-0.00015,-0.0003,-0.001401590746076633,-0.004109565110839764,0.0,-0.0,0.0,-0.0003,0.0,-0.0003,0.021289997381230837,0.018882023016467707,0.03029847684575262,-0.0,0.0,-0.00015,-0.0003,0.013651715588784353,0.011243741224021222,0.02206019505330613,-0.02471878060147138,-0.00015,-0.0003,0.0045784148414267836,0.0018704404766636522,0.013286894305948564,-0.0,-0.0,0.006075017302881902,0.003667042938118771,0.015083496767403682,-0.03199547888737383,0.017269161745242984,0.01486118738047985,0.026277641209764762,-0.0003,-0.0,0.0,0.03807049619025573,0.0,0.0350625218254926,-0.0
2012-04-30,0.015044568002183985,-0.0003,0.0,0.06674319854370651,-0.0,0.00038767716879573033,-0.0006,0.0,-0.0,0.0,0.0,-0.0,-0.0,0.015732245170979715,0.011886613449163773,0.024253914758000115,-0.07101505950961788,0.0,-0.0,-0.0,0.00121075669784175,-0.0026348750239741925,0.00973242628486215,-0.0003,-0.0,-0.0,-0.01320178671052169,-0.017047418432337633,-0.00468011712350129,-0.0,0.0,0.06728087571250224,0.0634352439906863,0.07580254529952264,-0.01916642896809536,0.022239760577900655,0.018394128856084713,0.030761430164921055,-0.0,-0.0,0.0,0.08644730468059761,0.0,-0.0006,0.09436897426761799
2012-05-31,-0.0003,-0.0309532169454687,-0.0,-0.00015,0.0,0.0012656800399741541,-0.0025241765176914344,-0.0,0.0,-0.03758352527681528,-0.0,0.0,0.0,-0.005364628291372426,-0.008554484849038015,-0.0006,-0.0003,0.010320981745052625,-0.05582248801865882,-0.03976027190058957,-0.0003,-0.0006,-0.005891970244370978,-0.07526391698675418,-0.06644346976371145,0.0,0.04253987873049547,0.03935002217282989,-0.0006,0.0,-0.016362216118069258,-0.023753591033215973,-0.02694344759088156,-0.050980517774287845,-0.00015,-0.007541374915146715,-0.010731231472812304,-0.0006,0.0,-0.0,0.026626926741071873,-0.04304502000131133,0.023437070183406284,-0.046834876558976925,-0.0006
2012-06-30,0.02754443043722535,-0.057901815448298415,-0.0,-0.0,-0.0,0.0003313961656751449,-0.0006,-0.0,-0.0,-0.03005738501107306,-0.012870008483781442,0.00016250000000000002,-0.018139399993546867,0.028175826602900498,0.009991127154609055,-0.0,-0.021583753042277824,-0.01748737652729162,-0.030369885011073062,-0.012217985017526196,0.0,-0.04064851216568212,-0.010930636061701807,-0.008773631968795239,-0.00015,-0.0,0.04074583508668194,-0.0006,-0.0,-0.0,-0.00015,0.027863326602900498,-0.0006,-0.0006,-0.0,0.04601522659644736,-0.0006,0.0006873489558243891,-0.0,0.017584699448291444,0.047302575552271756,0.04945957964517832,-0.0006,-0.0006,-0.0027570040929065683
2012-07-31,-0.010055761455123598,0.03686843132576624,-0.029631212951450228,0.0,-0.005927765109658227,-0.0003,-0.0,-0.0,0.0,0.026812669870642642,-0.0003,-0.00015,-0.0003,-0.009856414979153075,-0.0006,-0.015425788176070977,0.014216342578136795,0.007537218374316014,0.015216373443622543,0.031240666216108014,0.036369084849795716,0.053581236254780173,0.04163845804671362,0.012596327292505847,-0.0,-0.0,-0.029131866475479704,-0.0,-0.034701239672397605,-0.005359108918189833,-0.0,-0.021452711406173174,-0.0,-0.0,0.0,-0.005428418633687704,-0.0,-0.0006,0.0,0.016912151404984452,-0.0006,-0.0003,0.0,0.0,-0.0006
2012-08-31,-0.0053172198536063885,-0.0003,0.010952867257918848,-0.022532205647233204,-0.01911483770925309,-0.00726967633948661,-0.009726788343169061,-0.013840881208323467,0.0,0.009040621858117815,-0.0,0.016914985793626814,0.0,0.0016524564858802215,0.0,0.007923661354717079,0.012262542131149343,0.02531070896964305,-0.008024363935509,-0.004756995997528888,0.0073881653722375935,0.005231053368555142,0.0011169605034007362,-0.0003,0.0,0.0,-0.0003,0.0,-0.0006,0.02853262924267458,-0.0,-0.00015,0.012655417304064142,-0.0,-0.0,-0.0003,-0.0,-0.006473956500929624,-0.0018350757244973595,-0.002157112003682451,0.0,0.0,0.0035140928651544064,0.00785297364158667,0.0
2012-09-30,-0.009413671428159543,-0.0076453344849534656,-0.015285972660198965,-0.008423562925887392,-0.023528522650613053,0.0010896294436780526,-0.0034829240907946896,-0.0006,0.0,-0.002068336943206077,0.0,-0.0009901085022721511,0.0,-0.0003,-0.0,0.008663640301191253,0.02466608544662595,-0.0003,-0.00015,-0.016183188165659588,-0.0003,0.003862410394158776,0.00953197724439733,0.0,-0.0,0.0,-0.0,-0.0,0.0021913390691518306,0.018793784214586527,-0.015254959724725663,-0.0,-0.0006,0.009053748803463404,0.0,-0.0,-0.0,-0.005451210921262259,0.010551234224172437,-0.0006,0.018566941173028848,0.03486938631846354,0.014594387638556106,0.0305968327839908,0.0
2012-10-31,-0.009440736327392807,-0.0003,-0.0003,-0.00015,0.0025271338374766496,-0.0003,0.0037942272014186568,0.006689134084083003,0.0,-0.0003,-0.0,-0.00015,-0.0,-0.0,-0.0,-0.0021516022433098045,0.027154202543846914,0.0,0.0,-0.0003,0.0,-0.0006,0.011040897818407908,0.04004670260556462,-0.0,-0.0,-0.0,-0.0,0.00242842190695378,0.031734226694110496,-0.00015,-0.0,-0.0,0.002763366254101376,0.0319191710412581,0.0,-0.0,0.009816267921559652,0.03912207270871637,-0.0,0.007823942329854651,0.03712974711701137,0.01108336128550166,0.040389166072658376,-0.02990580478715672
2012-11-30,0.0009105962741801418,0.0,0.0,0.0,-0.0003,0.0,-0.0006,-0.010068698019677183,0.0,0.015422515640332103,0.0,0.0,0.016554701406310258,0.002733055070042,-0.005562176405999365,-0.009158101745497041,0.0634098761425068,0.010548472749055574,-0.0,0.0,-0.0,-0.0,-0.024880617385829144,-0.0003,0.0,0.0,-0.0,-0.0,-0.014032144636773571,0.05853583325123027,0.0,-0.0,-0.0,-0.02402689951970457,0.048541078368299274,-0.0,-0.0,-0.0260128031518073,0.046555174736196546,-0.0,-0.01219115681553904,0.0603768210724648,-0.004195925339497676,-0.0006,-0.07256797788800384
2012-12-31,-0.05522842240923073,0.023720611998335934,0.0,0.0,0.0,0.0,0.0,0.0055630076148691435,0.0,-0.031207810410894793,-0.04285259979556804,-0.0,-0.02229126226139485,-0.0003,-0.04312533154651691,-0.04966541479436158,-0.0003,0.011344789384673249,-0.006387190212881029,0.0,0.0002581011698171171,-0.0,-0.0006,-0.058769793073966285,0.0,0.0,0.0,-0.0,-0.007112814998793543,-0.0003,0.002529357936618914,-0.0,-0.018754711348503147,-0.02469479459634782,-0.00015,-0.0,-0.0,-0.027374152532966736,-0.0003,-0.0,-0.017899503213649675,-0.0003,-0.006540083247844674,0.0,-0.07692739745743307
2013-01-31,-0.005102598349004471,-0.0003,0.025735916849093394,0.03721390572864282,0.008794097865861604,-0.0,-0.007303477748312411,-0.02270827370737696,-0.0,-0.026287749018448985,-0.0003,-0.0,-0.0003,-0.01639349583716826,-0.0006,-0.02781087205638143,-0.030941725145172787,-0.0003,-0.00015,0.0,-0.0003,0.0,-0.0021231230379324464,-0.0003,-0.0,0.0,0.014745019360929609,0.0,0.0033276431417164354,0.00019679005292508144,-0.00015,0.026223008240479028,-0.0006,0.014655632021265855,0.0116747789324745,-0.002196799622302183,0.0,-0.013614175841515357,-0.0,-0.018294375236476198,-0.011717376219213173,-0.0,-0.02941175145568937,-0.03284260454448073,0.002830853088791354
2013-02-28,0.020170988799323223,-0.0,0.030662916955745405,0.019792666847678605,0.03147013446649633,-0.0,-0.0004535221698242116,-0.008780377494938145,-0.0,-0.018289056821719406,-0.0,0.0,-0.011599145667173108,0.01673903958922624,0.0,0.011390611304385078,0.01974230041737167,-0.008097128665297224,0.0,0.0,0.0,0.0,0.029679668126104484,0.0,0.0,-0.0,0.027230967745648423,0.0,0.02188253946080726,0.03023422857379385,-0.0,0.016360717637581623,0.0,0.01101228935274046,0.01936397846572705,-0.0003,0.0,0.022689756971558186,0.030741446084544776,-0.003885471379921193,-0.005348428284841163,0.0,-0.009233899664762357,-0.0008822105517757653,-0.008351689112986591
2013-03-31,-0.004785389599076147,-0.029081202465623953,0.000338566127883487,-0.027616086942043875,-0.01681077061684995,0.0,-0.013173467966446433,-0.0006,0.0,0.023995812866547804,-0.0,0.0,-0.0003,0.00239140798952419,0.0,0.014983734651080837,0.05795521956396159,0.02911976859350744,-0.0,0.011670431848774004,-0.0,-0.0,-0.0006,0.0,0.02780465306992736,0.0,0.007515363716483824,0.01291203409432992,0.02010769037804047,0.06307917529092122,-0.0,-0.020439289353443538,-0.0,-0.00784696269188689,0.03512452222099386,-0.00993397302824961,-0.0,0.0029583536333070374,0.04592983854618779,-0.0059966703778460955,-0.0006,0.0,0.006595656283710552,0.0495671411965913,-0.0006
2013-04-30,-0.00948943794610393,-0.0003,-0.05815095695206465,0.013242956360781181,-0.011998271816853768,0.0,-0.00193185597719224,0.0,0.0,0.051385555258517006,0.0,-0.02288239430688511,0.0,0.007458977786347229,-0.0,-0.0020318424212124493,0.010708550925223756,0.0027240362525562806,-0.0,0.048876721387767164,-0.0,-0.0,-0.0,-0.0,-0.07139391331284584,-0.046452685135210885,-0.041202541219613496,-0.05621910097487241,-0.05069336142717318,-0.03795296808073697,0.0,0.03019137209323234,0.0,-0.0006,0.03344094523210887,0.00495014391559739,-0.0,-0.0006,0.008199717054473917,0.015016559755258918,-0.0,0.0,-0.0006,0.018266132894135444,0.0
2013-05-31,-4.743051032501944e-05,-0.04732164176982847,-0.02774880850900403,-0.002004938283814379,-0.018158666624493707,0.011671015572159682,-0.0390144284908728,-0.018305798462227373,0.01397815979283249,0.04697421125950345,0.0,-0.00015,0.017811236114168686,-0.012018446082484702,0.0,0.017658367951902353,-0.0003,0.019272833260824438,-0.0,-0.0003,-0.0,-0.0,-0.0,0.06099980156266096,-0.00015,-0.009590141884510323,-0.039719824081163715,0.011265619981868768,-0.010043010046776657,-0.0003,0.0,-0.00015,0.0,0.015100860178412993,-0.00015,-0.0003,0.0,-0.0,0.03183682641732619,-0.0006,0.0,0.002007144220672807,-0.0,0.052092588283705284,0.03138395825505986
2013-06-30,-0.02286342488740073,-0.0417729743927181,0.005935134363402945,-0.0210039425941081,0.0014568485173594194,-0.003281689500647382,0.011209145033316083,-0.0006,-0.012211688434031412,0.01890954950531737,0.028498559250803673,-0.0,-0.0003,-0.0003,-0.0,-0.03326932569955992,-0.0,0.04770810875612104,-0.0,-0.0,-0.0,0.05238211942603418,-0.0,0.029561285958686685,0.026789076957511045,0.004478285846043525,0.009216823864050327,-0.005274010669913138,-0.004470766448756245,0.0,-0.0,-0.0,-0.0,-0.03140984340626729,-0.0,0.0,-0.0,-0.0,-0.0003,-0.0,-0.0,-0.00892999893338403,0.00020324422115689303,-0.0006,-0.022617589246190603
2013-07-31,0.02548823151932872,0.0020992622359230478,-0.020155570375758918,0.006183481752186908,-0.01871132441572951,-0.0003,-0.029925348459311628,-0.009703253633304619,0.007591999309489325,0.02338896928340567,-0.0003,0.0,0.0,0.022123534894472108,0.0,-0.0006,0.0,-0.022254832611681964,-0.0,-0.02111058665165256,-0.0,-0.03202461069523468,0.0,-0.0003,-0.026339052127945826,-0.0003,-0.023220267000615528,-0.0006,-0.011052316742454299,-0.028047569685248245,0.0,0.0,-0.03670883021149854,-0.0006,-0.0,-0.022076021040586122,0.0,-0.010208070782424892,-0.0,-0.03359004508416824,0.0,-0.0003,-0.02082209482600701,-0.038117347768800956,-0.0006
2013-08-31,0.019575561578219602,-0.0003,0.05034477560596142,-0.025677669699929413,0.0009671425465701926,-0.0,-0.005155025285764857,-0.0006,-0.02630426833403572,-0.005082667491639506,-0.0,0.0,0.0,-0.0003,-0.02533058686398446,0.00952753703497244,0.0,0.025686546536102313,-0.05048589876978852,-0.023691086523288916,-0.02099441298549716,-0.029813254355623965,0.0,-0.05126249740389483,-0.00015,0.0,0.04638095952159947,0.0,0.04089675106271426,-0.0003,-0.0,-0.029791485784291364,-0.0006,-0.03572569424317658,0.0,-0.0029966735377917574,0.0,-0.00848088199667697,0.0,-0.009118841370126807,-0.0,0.0,-0.014603049829012019,-0.0006,-0.03635229287728289
2013-09-30,-0.011233984384345808,-0.011331206972532754,-0.0003,-0.004662095858181954,-0.0003,0.0,0.007003900396392185,0.0,-0.00264133651762806,-0.02226519135687856,-0.0,-0.0,0.0,-0.0,0.01823788478073799,0.001970133300603482,-0.0,-0.019256319024747448,-0.015693302830714708,-0.028965233899480747,-0.01735103653631231,-0.004027306576140569,-0.024835324657482043,-0.013672543490160814,-0.0,0.0,-0.0003,0.01462901244860688,0.0049790056327345955,-0.0,0.013121931068766038,-0.00015,-0.0,0.008542021826767335,-0.0,-0.0003,0.02433792732334018,-0.0006,0.014992690409319933,0.013323729960171742,0.0,0.003378493046151497,0.020208018081341476,0.0,0.01056278116732123
2013-10-31,0.017921567161896856,0.03643228510716516,-0.01411981591657137,-0.00015,0.0,0.0,-0.02796953089097378,0.0,-0.0003,0.05435385226906202,-0.03204138307846823,0.0,0.0,0.017822109743097003,-0.0006,0.0304180976298964,0.0,0.02261246919059379,0.03523743210874251,0.019986043721785845,-0.0003,0.00846275421619138,0.023935754639165616,-0.008070076004848763,-0.012774962918148718,0.0023264254688079456,-0.013919273335371221,-0.0006,-0.001323285448571826,0.03038254519544255,-0.00015,-0.0,-0.027374677892551127,-0.0006,0.0,-0.0,-0.011523289505594465,-0.0,-0.0003,-0.027768988309773632,0.0,-0.044301818530813775,-0.015473000422974236,0.0,-0.0006
2013-11-30,-0.00022492298606816528,-0.03307331502237272,-0.001971775783764439,-0.012888988755563604,-0.016077369165725802,0.00289360831479726,-0.003334819414642195,0.006214589658085525,-0.03992341996647845,0.03224839203630456,-0.0003,0.012364065769495437,0.0,-0.0034185313008654253,0.0,-0.0006,0.0,0.03050153923860828,-0.00015,-0.0003,-0.0,-0.0006,-0.0006,-0.0003,0.010767212971799164,0.013805593381961363,-0.005165384098561699,0.0007630436308777559,-0.008786365441849964,-0.0003,0.0,-0.0,-0.0006,-0.0,0.0,-0.019270977480523064,-0.0006,-0.0,0.0,-0.006528427729439455,-0.0,-0.042817028281275704,-0.0006,0.0,0.0
2013-12-31,0.013154616685245726,0.0012799822310566589,0.005295239014206712,0.0203518419007155,-0.02296601404334717,0.003866728102668155,-0.0127126691798744,0.003010926010697794,0.049055330706886335,-0.0003,0.0,-0.00015,0.0,0.00928788858257757,-0.026467285865120125,0.009543690674547932,-0.0,0.0040152567831500535,-0.0,0.0,-0.0,-0.014592651410931058,-0.0,-0.0,-0.015056602886508789,0.028261253057553882,0.0014285109115385573,-0.0006,0.0022843130035089185,-0.0,0.0,0.0,-0.033664511080589904,0.0,-0.0,-0.0003,0.00965334486347277,-0.0,-0.0,-0.016579397282542555,0.0,-0.0003,-0.016323595190572193,-0.06236799988676074,0.04544440469618854
2014-01-31,-0.004132480443872131,0.0009603096840480885,0.015873194571814363,-0.022517761503566696,-0.018093398887841977,0.004580526319636156,0.024762766665159978,-0.0006,-0.020481264010393407,-0.0,-0.0,0.0,0.0,-0.0003,-0.0006,-0.00225652045687982,0.0,-0.0003,0.0,0.0,-0.0,-0.0006,0.0022362696710403994,-0.021741573694441498,-0.00015,-0.0003,-0.0003,-0.0,0.017749154558806674,0.0,-0.0,-0.0,-0.0006,-0.021241801516574385,-0.0,-0.0,-0.0006,-0.016817438900849666,-0.0026878651225514328,-0.0006,0.005856486306628467,0.0,0.02663872665215229,-0.0006,-0.018605304023401097
2014-02-28,-0.002176587917232885,0.04154806899261874,0.0384194767557525,0.0019985785521552555,0.004716176821202803,-0.0003,0.003945560240920801,0.0,-0.0067068964693609715,-0.0,-0.0,-0.0,-0.0,-0.0010757297679242338,-0.0,0.005252941090022755,0.0,0.0,0.0,0.0,0.04264892714192739,0.0,0.04897759799987438,-0.0003,0.03627089820359725,0.0334032999345497,0.039520334905061155,0.0338739165148317,0.04584900576300815,0.04482637322511348,-0.0,0.0,-0.0,0.009428107559410896,0.0,0.0,0.0,0.012145705828458442,-0.0003,-0.0,0.006028670857946989,0.0,0.011375089248176443,0.0,0.0007226325378946689
2014-03-31,0.0058772407624242086,-0.0040982669387930205,-0.013783188283487534,-0.00015,-0.0003,0.0,-0.0006,0.0,-0.0003,0.0,-0.01996042904591174,0.0,0.0,0.008173951527977778,0.0,0.016795404830578765,0.0,-0.009984921344694513,0.0,-0.0,-0.0003,-0.0,0.0068198971293615355,-0.0,-0.006951322352542569,-0.0164951219471959,-0.011486477517933963,-0.015252431578278849,-0.002865024215332978,-0.015214195751040388,-0.0,-0.0,-0.0,-0.0006,-0.0,0.0,0.0,-0.0006,0.0,-0.0,-0.0006,-0.0,-0.0006,0.0,-0.0006
2014-04-30,0.009856446812525923,0.020318864360832994,0.0049697176007776935,0.016467415244757477,0.025203159231541226,-0.0,0.011461692039725685,0.0,0.02001897126041547,-0.0,-0.0048867292117482294,-0.0,-0.0,-0.0003,-0.0,0.02010346125087373,-0.0,-0.015349146760055301,0.0,-0.0,0.019632644044658077,0.0,0.030565878799180803,-0.0,-0.011647697643979785,-0.020533441630763535,0.004583497284602778,-0.007091974438947992,0.015216732039125502,-0.015349253659637779,-0.0,0.0,-0.005155723205031793,0.0,-0.0,0.0,0.0,0.03515017366988903,0.0,0.01107547172355077,0.0,-0.0,0.021708706478073495,-0.008857279220689787,-0.0
2014-05-31,0.016686434815034925,0.011994602260578906,0.0299577468332507,-0.00015,0.014698455653395379,-0.0,-0.0006,0.0,0.0011340865895987894,0.0,0.013271312018215776,0.0,0.0,0.011615963708064865,0.0,0.02021291180012211,0.0,0.017963144572671796,0.0,-0.0,0.007224131153608846,0.0,0.015521079245666093,0.0,0.03372090038495877,0.015259291179855323,0.025187275726280642,0.05744589121794258,0.03348422381833789,0.028823660243651912,-0.0,-0.00868362465867813,-0.0006,-0.0008366765666208821,-0.0,0.009627984546425319,0.0,0.018224932638482565,0.0,-0.03225861549166194,0.0,-0.003936384517371269,-0.0006,-0.0006,0.004060563574685978
2014-06-30,0.009740850270159394,0.010659821776926398,-0.005995152483949488,0.02198664626394304,0.003110939108963602,0.0,-0.002141804350329679,0.0,0.007797584616798529,-0.0,-0.015736002754108882,-0.0,0.0,0.011889679589362774,0.0,0.017770742454218422,0.0,-0.016654974260875886,-0.0,0.0,0.012808651096129779,0.0,0.018689713960985427,0.0,-0.02813179874789253,-0.00910609159291309,-0.003846323164746108,-0.004453348133619809,0.0020347397001095405,-0.013792737100748017,0.0,0.02428547558314642,0.0,0.03016653844800207,0.0,0.0052597684281669825,0.0,0.01114083129302263,-0.0,0.0006070249688737012,0.0,0.009946413936001909,0.00588808783372935,-0.0,0.015827476800857557
2014-07-31,0.00021421770920568642,-0.0003,0.00628446473617994,0.018065567745974256,-0.0003,-0.0,-0.0006,-0.0,0.006044355314279385,-0.0,0.0060702470269742535,-0.0,-0.0,-0.00821272119899994,-0.0,-0.006492709788884643,-0.0,-0.01837277450200229,0.0,0.0,-0.0003,-0.0,0.0179503117400919,-0.018912883923902845,-0.00015,-0.015361239557125518,-0.002142474172025687,-0.029062786139035745,-0.00042246276191038913,-0.0003,-0.0,0.009638628837768629,-0.0,0.011358640247883927,0.0,-0.0003,-0.0,0.014938776795215129,-0.015901348979026075,-0.0006,0.0011200114101152982,-0.002382583593926242,0.028640323377125354,-0.0299028955609363,-0.0006625721838109441
2014-08-31,0.018543230882946217,-0.025004023508551944,-0.02841445520881325,-0.00015,-0.0,0.0,0.000982052037322937,-0.0,-0.0003,0.0,-0.04695768609175947,-0.0,0.0,0.018645395081041218,0.0,0.011755424230048071,0.0,-0.0037104317002613074,-0.0,-0.0,-0.024901859310456943,-0.0,-0.03149183016145009,-0.0003,-0.06904880980350829,-0.037991528883543416,-0.02831229101071825,-0.029996507246136186,-0.035202261861711395,-0.01627587230231224,0.0,0.040586518792790044,0.0,0.0336965479417969,0.0,0.009379237872825163,0.0,0.002789267021832017,-0.0003,0.0010842162354179376,-0.0006,-0.01233641870840601,-0.005205754615575209,-0.0006,-0.019226389559399155
2014-09-30,-0.005553026612923659,-0.0003,0.009638052468115287,0.007703301787768337,-0.0,-0.0,-0.0006,0.016354510910456754,-0.014293314936000326,-0.0,0.015191079081038946,-0.0,-0.0,-0.0003,0.03217887279039267,0.011401484297533095,0.0,-0.006356005539403651,0.0,0.0,-0.0003,0.0,0.03294856891797569,-0.030287372943519266,0.0017847506803469514,0.00683877554016845,0.008980902086840648,0.047969951871431625,0.02659256337857204,-0.0003,0.0,-0.00015,0.04558520119108467,0.02480781269822509,0.0,-0.0003,0.0,0.01975378783840359,0.0,-0.0006,0.017011661291731393,-0.014650465317274965,-0.02137738849285958,0.02373858446731601,0.0029611959744564285
2014-10-31,-0.015077904357973335,0.0,0.017926962398295537,0.007431966226279292,0.0,-0.0,0.0,0.00038863101224582107,-0.049809382023005805,0.0,-0.0003,-0.0,-0.0,-0.0,0.013730604748575036,-0.014689273345727514,0.0,0.03935858613802035,-0.0,-0.0,-0.0,0.0,-0.021042992727478997,-0.02837775828328099,-0.00015,0.02333551521124138,0.014125517249102468,0.0467354715048439,0.018315593410541356,0.0,0.0,0.0,0.03624047533282766,0.007820597238525113,0.0,-0.0,0.0,-0.005019921800700022,-0.04470082921005996,0.0,0.004190076161438889,-0.05361082717219887,-0.028419878094302548,-0.021000872916457435,-0.04942075101075998
2014-11-30,0.02399902166121666,0.0,0.02471515614877996,0.027530708865782134,-0.0,0.0,0.0,0.021028832341578686,-0.0003,0.0,0.0004161344875633003,-0.0,0.0,0.02434494202924319,-0.0006,0.045027854002795346,0.0,0.037254956318709245,-0.0,-0.0,-0.0,0.0,0.008489032171649404,-0.0003,-0.0029655527170021744,0.011655121607329906,0.02536107651680649,0.061689815477635156,0.04574398849035865,0.0064786065477688325,0.0,0.028026629233808664,-0.0006,0.04855954120736082,0.0,0.0,0.0,0.03408886688302874,-0.0003,0.0,0.020382911973552156,-0.0003,-0.015945826987276507,-0.0006,0.03896538194258981
2014-12-31,-0.0003,-0.0,-0.0006394972502914015,-0.00015,0.0,-0.1450940820722881,-0.0,-0.013567510665735999,-0.0,0.0,-0.034307584353848154,-0.0,0.0,-0.11112599496873135,-0.0,0.020100576437820754,-0.0,-0.02045587398402473,0.049466838920611426,-0.041723736168008646,-0.0,-0.0,0.006248866067997329,-0.0,-0.07007271290463615,-0.0003,-0.1454335793225795,-0.03578984917954319,-0.0142070079160274,-0.09043110891882451,0.0,-0.07536086641794336,0.03368286372509296,0.05586570498860875,-0.0,-0.16670144150656344,-0.05735771136352711,-0.035174870100011316,-0.0,0.0,-0.0006,-0.055302470403755,0.02158284126351579,-0.0,0.07622410100279711
2015-01-31,-0.0,-0.0,0.052895210181415506,-0.0,-0.0,0.024764607740260472,-0.0,0.0016688035014242372,-0.011154125234782137,0.0,0.017133975585083894,0.0,0.0,0.060525842336592084,0.0,0.03743003809775585,0.0,0.036417119726357985,-0.00015,-0.0003,0.04094269819531799,-0.0,-0.0006,-0.027632215689839663,0.044561217297904694,0.02708787006112112,0.07765981792167598,0.032216675487935706,0.054564013682839745,-0.0003,-0.0,0.033098600623771283,-0.0006,0.010002796384935049,0.0,0.05027194786055486,-0.0006,0.02717614362171862,-0.03666146535507652,0.04484314243374027,-0.0,0.013910482505478335,0.02234733819490404,-0.03213265992826194,-0.0091853217333579
2015-02-28,-0.0,-0.0,0.03487942249515873,-0.0,-0.0,-0.020208073902660936,0.0,-0.0006,-0.0003,-0.0,0.031823642244089845,-0.0,-0.0,-0.017152293651592054,0.0,-0.0006,-0.0,0.015441039857794912,-0.0,-0.0,-0.000769691265297124,0.0,0.0,-0.0003,-0.006760768166991111,0.006614679607331922,0.014671348592497788,0.04187530613781225,0.025380363967397842,-0.005096430604014324,0.0,0.0214321167594889,0.0,-0.0006,-0.002114337562976788,0.008056668985165867,0.0,-0.0006,-0.0003,-0.027203957545314458,-0.011309015374900054,0.019467779196512113,-0.0006,0.04667173674182657,-0.0006
2015-03-31,0.0,0.005069151563368459,-0.0003,0.0,-0.0,0.007524343697144418,-0.0,0.008808671148710149,0.0,-0.0013214502071673944,-0.0003,0.0,-0.0,0.0011337419266085648,-0.0,0.002418069378174296,-0.0314223971290274,-0.016140489023924034,-0.033165306186963436,-0.0,-0.0003,0.029226931138944177,0.0,-0.03244384733619479,-0.00015,-0.029223933258065573,-0.013985296890148075,-0.0006,-0.012100969438582344,-0.0003,-0.046248750421104975,-0.03086011405318748,-0.0,-0.02957578660162175,-0.00015,0.015238636367917498,-0.0,0.0,-0.04552729157033633,0.03198212327272014,-0.0006,-0.029988655202418835,0.03326645072428586,-0.06197077847513897,-0.028704327750853104
2015-04-30,-0.0,-0.0003,-0.047579971205476995,-0.0,-0.01302922896056124,-0.015136639180571735,0.0,0.0024435373013085293,0.0,0.022593190678503162,-0.060376609725437944,-0.0,0.0,-0.0023400006606107866,0.0,0.015240175821269478,-0.0003,-0.03748341904693478,-0.00015,-0.003232676802019026,-0.0,-0.002243710311699572,-0.007953014857233685,-0.0003,-0.06265795413325033,-0.0003,-0.062416610386048725,-0.0,-0.044836433904168464,-0.029049586889516157,-0.02825721188833458,-0.00015,0.0,0.017671520229081868,0.0,-0.027865868141132975,-0.0,-0.010885691659252711,0.005201155355399598,-0.02717690165081352,0.0,-0.03366702349653257,-0.009596725168933257,-0.0006,-0.01608684701465231
2015-05-31,-0.0,0.006665260960525467,-0.05953431624541469,0.0,-0.0003,0.00892848879597143,0.0,-0.012749671450068736,-0.0012305392948881808,-0.0003,-0.07390241140441739,0.0,0.0,0.023296583954974127,0.0,0.001618423708933961,0.013137555864114516,-0.05256905528488923,0.0,-0.0003,0.0,-0.015804433335134663,-0.0006,-0.0,-0.045148307716521334,-0.045407771292941324,-0.05060582744944326,-0.0,-0.07228398769548343,-0.06046485554030287,-0.00015,-0.005607519732921928,-0.00898368576676677,-0.027135679978962095,-0.0,-0.0054980561565019384,0.0,-0.027176216402542103,-0.01535708424736155,-0.013841205499688699,-0.0,-0.0003,-0.035519365745728865,-0.02430023359054831,-0.0006
2015-06-30,-0.0,0.036505659712554234,0.00820434984009534,-0.0,0.03274789600089398,0.019863622335245502,0.02216428795298003,0.024282854491853148,-0.0003,0.042010393807916095,0.014009083935457203,-0.0,0.0,0.025668356430607366,0.027969022048341893,0.03008758858721501,-0.0003,-0.0003,0.047778844518365844,0.0031577637116602542,-0.0,-0.0006,-0.0,0.03270831476772975,0.019927534645906946,-0.02484354616079864,-0.0003,0.0,-0.0006,0.004707004895270862,0.0,0.03128680714105711,0.03298747275879164,0.035706039297664756,0.0,-0.0003,-0.01088360804791395,-0.0006,-0.0003,-0.0006,0.0,0.016066277390421022,-0.0006,0.01806694300815555,0.02018550954702867
2015-07-31,0.03175143595723317,-0.0003,0.055035145658257144,0.014727927307617478,0.02796494259869234,0.020266210959593644,0.03671501723880831,0.001445685375071332,-0.007319316249425759,-0.0003,0.022983709701023973,-0.0,-0.004386493358540832,-0.011785224997639527,-0.0006,-0.0006,-0.03937075220665893,0.00926617242045079,-0.030891045930188876,-0.018104030639114015,-0.02550276227821271,-0.009353955998998048,-0.04462328786273503,-0.05308828948723211,-0.00015,-0.0003,-0.0,-0.0,-0.0,-0.0003,0.012937015291074858,0.0053882836519761656,-0.0006,-0.0006,-0.0,-0.0,-0.0006,0.025919257223621008,-0.0,0.0,0.018220525584522314,-0.0003,-0.0,-0.0006,-0.0006
2015-08-31,-0.0003,0.0,-0.01175804963738978,-0.00015,0.009760649254346304,0.0072621781825050365,0.020515495737505145,-0.012407551580307935,-0.014991780761369703,-0.0,-0.024728517195744266,-0.0,-0.003209818304008183,-0.0003,0.0069450281791506585,-0.025978019138662423,-0.0003,-0.018601847544013873,-0.00015,0.0029168513477222085,-0.0003,0.01367169783088105,-0.01925134948693203,-0.0003,-0.008982781534463889,0.0,0.0,0.0,-0.0,0.0029337311239799237,0.012685917357272196,0.010187446285430928,0.022840763840431037,-0.010082283477382043,-0.012216512658443812,-0.0,0.0,-0.0006,-0.0,0.012653317555000109,-0.0006,-0.0,-0.0,0.034907276498874845,0.0019842291810617686
2015-09-30,-0.0,-0.0,-0.0702347704734622,-0.0,-0.03490288389732599,-0.0014824749112349617,-0.01864357256027923,0.001488922305319074,-0.0035071617193776243,0.0,-0.03751926108577079,0.0,-0.0021873745096345765,0.03093303447645645,0.014071936827412179,-0.0006,0.0,-0.04183211671089178,0.0,-0.0065002301347555635,0.026620178851335462,0.009759081202291192,-0.0006,0.0,-0.05936330196907324,0.0,0.0,0.0,0.0,-0.06672760875408458,-0.024031415392937024,0.009388993593154002,-0.007772104055890268,0.012360390809708037,-0.00015,0.0,0.0,0.0,-0.03169572217794837,-0.0006,0.0,0.0017246868081426626,-0.020732494865598305,-0.015136410840901608,-0.0006
2015-10-31,-0.0,-0.0,-0.017905934460622455,-0.0,-0.025888608670639274,-0.0016653775603179058,-0.019424960743183946,-0.0006,-0.023879448760839254,-0.0,-0.0003,-0.0,-0.0073761648559828585,0.01684706625433851,-0.0006,0.0,-0.0056670049461828385,0.04236105190403515,0.0,0.03437837769401833,0.0586016088043397,0.040842025621473654,0.0,0.03608753760381835,-0.00015,-0.0,0.015940556900304548,-0.0,-0.00093568596843404,-0.0003,-0.00015,0.04284065201679359,-0.0006,-0.028135781084923078,0.02047658081627224,0.023923231110321366,0.0,-0.008918360178450858,-0.0003,0.01715958318286604,0.01530487093187051,0.022214071200521348,-0.0018547122509955313,-0.0006,-0.0069092002686508384
2015-11-30,0.0,0.0,-0.014476036363363282,0.0,0.0646801077483219,0.0022870976130029176,0.046580943442533815,-0.0,0.0034002480194558586,-0.0,-0.0,-0.0,0.017316151757668707,-0.045076858377650283,-0.0013830125481193792,-0.0,-0.043963707971197336,-0.0003,0.0,0.045597871301224696,-0.016795138834094295,0.027498706995436606,-0.0,-0.015681988427641354,0.0,0.0,0.0167631339763662,0.0,-0.0006,0.0,0.036861032798299866,-0.025381977337019124,0.018311868492511776,-0.0006,-0.024268826930566183,-0.06239301013531899,-0.0,0.06831433153962055,-0.0,-0.0006,0.005921321404301568,-0.001113150406452941,0.05021516723383247,-0.0,0.007034471810754509
2015-12-31,0.0,0.0,0.05152736976205351,0.002610346398177698,-0.0003,0.01882700063000263,-0.0006,0.0,-0.0003,-0.0,0.015234592031345926,0.03860312412888528,-0.022018860494987854,-0.017165777100704948,-0.05581876205162164,-0.0,-0.0003,0.025389096862629443,0.028448619297601757,-0.0003,-0.0070112722694214286,-0.0006,-0.0,-0.0003,0.054137716160231206,-0.0,-0.0003,-0.0,0.03869971571347819,0.04735158143202187,0.016734263633897423,0.02158734702818033,-0.01706563792273636,0.014388000446753008,0.006636134728209327,0.004853083394282906,-0.0,-0.0006,-0.0,0.03805298495091669,0.006599346581427322,0.014951212299971001,-0.0006,0.0,-0.0006
2016-01-31,0.0,-0.0,-0.018923306917269834,-0.0030471420608488404,-0.0,-0.022371783000451825,0.0,0.0,-0.0,-0.0,-0.04022325456300381,0.01825280558488514,-0.0003,-0.043671730646185805,-0.020312532881497727,-0.0,-0.0,-0.009226157062342744,-0.012744291915775929,-0.0,-0.012674633145524736,0.0,0.0,-0.0,-0.021970448978118673,0.017844852564418985,-0.0,-0.020510721681506087,-0.02257461564478534,0.04755909658366571,-0.04011530154253766,-0.025418925061300664,-0.0020597272966125855,0.0006041666666666667,-0.06952954556178438,-0.0003,0.0,0.0,-0.0,-0.0006,-0.02602309172796733,0.04411062050048371,0.0,-0.0,-0.0
2016-02-29,0.0,-0.0,-0.0031898740452735996,-0.04664225256165616,0.0044819915801075725,0.00899337632677464,-0.0,-0.010206509573036825,0.0,-0.0,-0.01757766555637559,-0.03225446105055417,-0.0,-0.005394415184327352,-0.0006,-0.0,0.0,0.02235884803428552,-0.07219097464121528,0.03003071365966669,0.03454209840633376,0.0,0.0,0.0,-0.04983212660692976,-0.007971865625381172,0.0,0.002416335680037525,0.006416635527763226,-0.04580234635857504,-0.04186026098154859,-0.03764887623488152,-0.052248462286967286,-0.05624876213469299,-0.0040297802483547215,0.0,-0.0,-0.0,0.0,-0.0,-0.0006,-0.0003,-0.0,0.0,0.0
2016-03-31,0.01247355162062831,-0.011603847004907757,-0.0003,-0.00415511725971595,-0.0003,0.006656665334144342,0.018357731597982742,-0.0006,-0.0,0.0,0.0070267963232733596,-0.00015,-0.0,0.019430216954772653,-0.0,0.008436504337525099,-0.03348853732925184,-0.017050602302262706,-0.00015,-0.04017380963729175,-0.004647181670763415,-0.0308615786028905,-0.015640894288010968,-0.05756593595478791,-0.0099018725570709,-0.0003,0.012103420631499292,-0.0006,-0.0006,-0.0003,-0.03302507989209995,0.0025015480744283924,-0.0006,-0.007892164542819161,-0.0501172062095961,0.03522662796652834,0.0,0.0,-0.0,0.025014396932127085,0.009793712617247555,-0.0,0.01462068431487953,-0.02760435735189741,-0.0
2016-04-30,0.02100984514041399,-0.021051777414311156,0.0,0.027422594009475852,-0.015515454542952304,-0.0003,-0.0006,0.0,0.0,0.0,0.023293204141768723,-0.0,0.0,0.02893322438004325,0.029827177909627897,0.03212641822080796,0.029231342025183776,-0.01876841841295642,-0.0,-0.0003,-0.013128398174681893,-0.011634444645097247,-0.009935204333917189,-0.012830280529541369,0.029705953010830587,-0.01323209554159757,-0.0003,0.0,0.0,0.0,-0.00015,0.035345973249105114,0.03623992677868976,0.03853916708986982,0.03564409089424564,-0.007292075303323042,-0.006398121773738396,-0.004698881462558337,-0.007293957658182517,-0.0006,-0.0006,0.0,-0.0006,-0.0006,-0.0
2016-05-31,-0.08311205419454029,0.03664908371975153,-0.0,0.009605660218330238,0.016374730707848967,-0.023365651133518916,-0.0,0.0,-0.0,-0.0,-0.1448345743102844,-0.0,-0.0,-0.10617770532805922,-0.0006,-0.0006,-0.16723714170113335,-0.0003,0.0,0.0,0.013583432586232614,-0.0006,-0.0006,-0.04747600378684154,-0.00015,-0.04534778940789513,0.038356868982225185,0.0,0.0,-0.02270256739084897,-0.0,-0.013459990915188676,-0.0006,-0.0006,-0.07451942728826283,-0.006690920425669946,-0.0006,0.02731027316200766,-0.0677503567987441,-0.016974757505717055,-0.03460119358767761,-0.0,0.0,-0.07803419387879121,-0.09566062996075177
2016-06-30,-0.0003,-0.01202758598042786,-0.0,-0.00015,-0.0003,-0.0003,-0.016229275380249618,0.0,0.007514914495954662,-0.021451073001315473,-0.0003,0.0,0.0,-0.007317381359166919,0.0,0.0,-0.0019085725249329485,-0.008711934173005684,-0.02351749150944388,-0.0258665888168703,-0.0003,-0.02765686136067748,-0.030267507211684468,0.019242500476382523,0.0,-0.0003,-0.0003,0.0,0.0,0.010830566303376837,0.0,-0.00015,0.0,0.0,-0.004124991033061358,-0.0003,-0.0020902725438071805,-0.0006,-0.006324088340487775,-0.013223169718528927,-0.015833815569535916,0.00510880883423397,0.0,-0.007814360884294956,-0.010425006735301947
2016-07-31,0.0,0.007153319085752638,-0.0,-0.0,0.0,0.01269765138372828,-0.0006,0.0,0.008286172291300516,-0.0011404817670515079,-0.0,-0.0,-0.0,0.004703850530924135,-0.0,-0.008275991465489104,-7.628561503629158e-06,0.016665913494102003,0.009437675958424664,0.003273188200912376,0.0,0.019226570771585568,0.006535509698437596,-0.0003,0.0,0.0,0.022210245792077643,-0.0031606572774835646,0.009530403795664407,0.01779876669964988,0.0,0.015132008256400306,-0.010388894813160904,0.0023021662599870684,0.010570529163972543,0.008817520498888018,-0.0006,-0.0,0.004406041406460255,-0.0006,-0.0006,-0.0003,0.0,0.020359423977133445,0.007668362903985475
2016-08-31,0.0,-0.012522050638205787,0.0,0.0,0.0,-0.005086593193229162,0.034961999076323545,0.0,-0.0003,-0.0003,-0.0,-0.0,0.009162916442626614,-0.0003,0.05169485479109649,0.006464284655756625,-0.0003,-0.01453856178963404,-0.00015,-0.01979198991035212,0.0,0.023039948438117762,-0.021590621697222107,-0.0,0.0,0.0,-0.007103104344657416,0.0363785102277518,-0.0006,-0.0003,-0.0,-0.00015,0.04226970261898529,-0.002360867516354577,-0.00015,-0.012356532465375493,0.042231938348469875,0.0,-0.020312022629901366,0.029875405883094387,-0.014755164252245483,-0.0,0.04403057013533987,0.022519915718568515,-0.022110654416771354
2016-09-30,0.038308984174482294,-0.018785310774578748,-0.008280432358654369,-0.02532864606608166,-0.0,-0.004224137854645142,-0.0006,0.0,0.012346415767125295,-0.0,-0.0,-0.0,0.04216984772970811,-0.0,0.03181968756159376,0.012107597684410235,-0.0,-0.0003,-0.0,-0.0003,0.0,-0.025574607387467287,-0.0006,0.03113172654170404,-0.0,-0.004719568803428558,-0.0003,-0.014769728971542908,-0.03508181884872644,0.0,0.0,0.0,-0.0319679426789702,-0.0006,0.03767506183320696,-0.0003,-0.0006,0.0,0.016207279322351106,-0.011013434467533681,-0.0006,0.016570553621770436,-0.0006,0.005857119154236756,-0.013854970722946766
2016-10-31,-0.0003,-0.007035503241482735,-0.026789015669967223,-0.00015,-0.0,-0.0003,0.0030141046699538564,-0.010221307846982393,0.048974630488338965,0.0,0.030566104707187763,-0.02183424639701851,-0.023220157628920636,0.0,-0.05404101570720113,-0.0006,0.0,-0.0,0.028785370738653743,0.027099459506751616,-0.0018903812346547765,-0.003421398571528879,-0.0,-0.0003,0.009031858310169255,0.00764594707826713,-0.021643893663139267,-0.023174911000013367,-0.0006,0.0,0.0,0.0,-0.0006,0.025749566133154086,0.08494550446847544,0.0,0.0,0.02421365490125196,0.08340959323657332,-0.0006,-0.004776185840154434,0.05441975249516692,-0.006607203177028537,0.05258873515829282,-0.0006
2016-11-30,0.0,-0.0003,0.013603773377778433,-0.0,-0.0,-0.004789912686368273,-0.0006,-0.0006,0.018737733124124387,0.0,0.004668453092897542,-0.00015,-0.0003,-0.013725232971249167,-0.0006,-0.0,0.009502412839243496,-0.00446793176937421,-0.00015,-0.0003,-0.0003,0.010329970556777165,0.03825109984566935,0.0006660279769717444,0.016377230606553286,0.016406912151588512,-0.0003,0.006162038787402955,0.034083168076295134,0.0,-0.0,-0.001866455457593421,0.0,-0.0006,0.02151119035289924,-0.0019867739125581946,0.0,-0.0006,0.021540871897934466,-0.012531647276743753,0.015389482012148435,-0.0003,-0.0006,0.01129599853374891,0.03921712782264109
2016-12-31,0.0,-0.0,-0.030730328765858617,-0.02230417544810425,-0.0,-0.00383653265356319,-0.0,-0.014276182420193698,-0.012626613150195403,-0.0,-0.0003,-0.019740251497951593,-0.0,-0.006400456603715847,0.02317701579629187,-0.0,-0.0003,-0.0003,-0.0484171475901365,-0.01873257987699702,0.021976439488469064,-0.0048998802958930415,-0.0006,-0.0003,-0.05288450421396287,-0.02304993650082338,0.0,-0.009517236919719403,-0.0006,0.0,-0.02998456771313949,-0.02599070810166744,-0.0,-0.03643035786829795,-0.03478078859829965,0.003843859611472048,-0.0,-0.00659579015515846,-0.004946220885160165,0.017376559192576024,-0.0006,-0.0,0.0069369094259455165,0.008586478695943811,-0.0006
2017-01-31,-0.0,-0.03161322508348019,-0.0003,-0.00015,-0.0,-0.0023539742127732955,-0.0,-0.0006,-0.022228842154924752,-0.02759924547859739,-0.0,0.012946603763421695,0.0,0.0016600053921095054,-0.0006,0.0,-0.018514862550041953,0.0,-0.014352641715175692,-0.030973528947213204,-0.0003,-0.02918216792027415,-0.044863641684100314,0.0,0.012800866925553024,-0.0003,0.0015057422299781763,-0.0006,0.0,-0.018369125712173282,0.01662088723203751,0.0146066091555312,0.0,0.02991099996892462,-0.0052682587866202555,-0.0020142780765063113,-0.0,-0.0006,-0.021889146018657768,-0.00022291704956725958,-0.015904390813393423,-0.0,-0.0006,-0.020097784991718715,-0.03577925875554488
2017-02-28,-0.0,0.012520837286906221,0.0,-0.007135300614245285,0.0,0.005733530401424377,0.0,-0.0010251165944038512,0.001772115214999123,-0.0003,0.0,-0.008500247310030594,0.0,0.007248477097209686,0.0,0.0004898301013814579,0.0032870619107844322,0.0,0.005535536672660937,-0.00013925566120701928,-0.0,-0.01923004991820785,-0.0006,-0.0,0.031110218023099635,-0.0,-0.03236198823592054,-0.0,-0.039120635231748774,-0.036323403422345794,0.005674792333867956,-0.0012517702128209077,0.024165586590868787,-0.007410417208649136,-0.005213185399246162,-0.006926562546688864,0.0,-0.013685209542517092,-0.010887977733114118,-0.026017356803689697,-0.0006,-0.0,-0.03277600379951793,-0.02997877199011495,-0.0006
2017-03-31,-0.0,-0.0003,0.0,-0.017517993620858017,0.0,0.013456441504556002,0.0,0.010640590818934112,0.018599733021182768,0.0,0.0,-0.030963612154572325,0.0,0.02690206003827031,0.0,0.02408620935264842,0.03204535155489707,-0.0,0.021050836193240965,-0.0003,-0.0,0.02108822714746463,-0.0,-0.020269096792916216,0.019616387590599808,0.0,-0.0003,-0.0,-0.0006,-0.018534648190275057,0.026101257801190055,-0.004061552116302014,-3.739095422366389e-05,-0.006877402801923905,0.0010817394003247499,-0.030162809917492067,-0.0,-0.0006,-0.025019518400865304,-0.004024161162078351,-0.0,0.0,-0.006840011847700242,0.0011191303545484137,0.007359142202248654
2017-04-30,0.0,0.0,-0.0,-0.030089774178747395,0.0,0.004949625712816097,0.0,-0.0006,0.024330114578572298,0.0,-0.0,0.003074717784549848,-0.0,-0.028214866250481148,-0.0,-0.0006,-0.008834377384724947,-0.0,0.004575744222253734,-0.0,-0.0,-0.0006,-0.0,-0.010335403822428833,-0.03511650897614238,0.0,0.009676360510211082,0.0,0.0,0.029356849375967282,-0.012276468849300996,-0.025140148465931298,-0.015738453989922956,-0.019912616871288716,-0.005759659600175098,-0.012863679616630302,-0.0,-0.0,0.006516809249125898,-0.009401694476008342,0.0,0.0,-0.0006,0.009978794389747858,0.014152957271113618
2017-05-31,0.0,-0.0,-0.0,-0.014725726543878787,-0.0,0.005908554872172983,0.0,-0.0,0.030687994132094967,-0.0,-0.0,-0.006429001589543152,-0.0,-0.002388170082162652,-0.0007574564394228542,-0.0,0.022391269177759333,0.0,-0.0321518697576236,-0.0,0.023034698085917796,0.0,0.0,0.04811413734583978,-0.03151789731744142,-0.0,0.02270072564573562,0.0,0.0,0.0474801649056576,-0.038665243709938006,-0.008817171671705804,-0.006586458028966007,-0.026755128325880964,0.01596226758821618,0.029848072038232202,0.0,0.0,0.054627511298154185,-0.0006,0.01733795665417516,0.0,-0.0,0.022548725617182186,0.042717395914097143
2017-06-30,0.0,-0.0,0.0,-0.03478519494609559,-0.0,0.04300190955955048,-0.0,-0.0,0.017671048831192755,-0.0,-0.0,-0.014619918606214703,-0.0,0.02283663321966959,-0.0006,-0.028810586731123515,-0.0024942275086881315,0.0,-0.04015433740811531,0.0,0.0483710520215702,-0.0,-0.0,0.023040191293212477,-0.024940259198880575,-0.0,0.03315697381233546,-0.0,-0.018490246138457643,0.00782611308397774,-0.038114625140457103,0.00821671461345489,-0.059225395185329405,-0.04283050533733822,-0.017114146114902834,0.046331339753911994,-0.0,-0.0,0.02100047902555427,0.06684210979878429,-0.0006,-0.0,0.0,0.04211124907042657,0.025716359222435384
2017-07-31,0.0,0.0,0.0,-0.00015,0.0,0.0022048815170703155,-0.0,-0.0,0.002913620839355045,-0.0,0.0,-0.00015,-0.0,-0.02693746652702193,-0.0,-0.03798908230577218,-0.026228727204737203,0.0,-0.00015,-0.0,-0.009313897264712582,-0.0,-0.0,-0.008605157942427851,0.044876452618729384,-0.0,-0.0474676449874228,-0.0,-0.0006,-0.04675890566513807,-0.00015,-0.0025911923686934165,-0.014787965751368285,-0.013642808147443664,-0.001882453046408687,-0.004903293114944579,-0.0,-0.016554908893694827,-0.004194553792659849,0.012196773382674869,0.010451615778750247,0.0,0.0,0.012905512704959599,0.011760355101034977
2017-08-31,-0.0,0.0,-0.0,0.007620951318019074,0.007637990969152445,0.0018753319505711219,0.0,0.0,0.016421102793433208,0.0,0.0,0.0,0.0,0.048024420278229354,0.06252609458513904,-0.0006,0.06257019112109144,-0.0,-0.0,-0.0,-0.0017075930266428705,0.012794081280266822,0.0,0.012838177816219216,-0.008162412720300301,0.0,0.017808695988890497,0.03231037029580019,0.0,0.03235446683175258,-0.0,0.009646283268590196,0.02474795757549989,-0.0006,0.024192054111452282,0.009813322919723566,0.02431499722663326,-0.0006,0.024359093762585653,-0.0006,-0.016391297865478216,0.0,-0.0018896235585685213,-0.0006,-0.0018455270226161273
2017-09-30,-0.0,0.0,0.0,-0.00015,-0.01541423981043823,0.015050827282253453,0.0,0.0,-0.0003,0.0,0.0,-0.0,-0.02091919452295895,0.02025578199477417,0.015589653279704165,0.01607337407547327,-2.717694601314137e-05,0.0,-0.0,-0.008847359143572537,0.008183946615387759,0.003517817900317754,0.0,-0.012099012325399552,-0.00015,0.022059880068537662,-0.02272329259672244,-0.027389421311792447,-0.02690570051602334,-0.043006251537509754,-0.03056786832249092,0.030054455794306142,0.025388327079236137,0.0,0.009771496853518831,-0.0003634125281847776,-0.005029541243254783,-0.004545820447485676,-0.020646371468972087,-0.0,-0.0006,-0.0,-0.0006,-0.0,-0.0006
2017-10-31,0.0,0.0,0.0,0.0,-0.01962663855857426,0.00873330363943453,0.0,0.0,0.009245466459197497,0.0,0.0,0.0,-0.015398733315060352,0.004505398395920618,-0.0006,-0.0006,0.005317561215683586,-0.0,-0.0,0.012957780589131171,-0.023851115508270904,-0.0006,-0.0,-0.02303895268850794,0.0,0.00015085541947611246,-0.011044190338615846,-0.0006,-0.0006,-0.010232027518852879,0.0006716887528094458,-0.01156502367194918,-0.0006,0.0,-0.010752860852186212,-0.010893334919139734,0.016931500258800573,0.0018703632565657813,-0.010081172099376767,-0.028424835177940307,-0.013363698175705515,0.0,-0.0,-0.027612672358177336,-0.012551535355942547
2017-11-30,-0.00854982071601669,-0.0,-0.0,-0.00958048585125634,0.019363858605142847,-0.0003,-0.0,-0.0,-0.0003,-0.03101956539112384,-0.03548629997122935,0.0,-0.0003,-0.00747351547739936,-0.012373831083421726,-0.02065112444753806,0.00566832268843287,-0.0,0.0,-0.003105886069964304,-0.0003,0.0,0.010068440943585784,0.03638788807955671,0.0,-0.007572620650069816,-0.0003,0.0,0.014535175523691296,0.04085462265966222,0.028794344456399185,-0.008654180612639008,-0.0,-0.021831789582777705,0.004487657553193221,0.020140163843760175,0.015839848237737812,0.00756255487362148,0.03328200200959241,-0.0006,-0.0006,0.0,-0.00887729336411633,0.017442153771854596,-0.0006
2017-12-31,0.014904941303564165,-0.0,-0.0,-0.03206785358049731,-0.014322627919814777,-0.0,-0.0,-0.0043147643430617895,0.0025442165886505382,0.014884033224465229,0.009066039123754359,0.0,0.0,0.0049777895359057744,-0.0006,0.011190176960502375,0.017749157892214703,-0.0,-0.03223876165959624,-0.014343535998913713,-0.0,-0.0,-0.003693856263962854,0.002865124667749474,-0.038056755760307114,-0.020161530099624583,-0.0,-0.0,0.0021241378367480163,0.008683118768460344,-0.00015,-0.0419950053481557,-0.06032817914741202,-0.0357826179235591,-0.029223636991846772,-0.024249779687473168,-0.0006,-0.018037392262876567,-0.01147841133116424,0.01713317379925632,0.0,0.0,0.02394556122385292,0.030504542155565247,0.0
2018-01-31,-0.0003,0.0,0.0,0.018760640013249355,-0.022227343064823685,-0.0,0.0,-0.0006,-0.0003,0.00464051876400819,-0.009480415322785766,0.02888294282951851,-0.012255040248554528,-0.0003,-0.0,0.02157612105395666,-0.0003,-0.0,0.0336734615935267,-0.007314521484546338,-0.0,-0.0,-0.0006,-0.0003,0.019552527506732746,-0.021435455571340294,-0.0,0.0,-0.0006,-0.0003,0.0,0.013397010899679304,0.023564637835882914,0.05060906388347517,-0.023687604244463093,-0.027590972178393736,-0.018023345242190125,0.009621080805402131,-0.06467558732253613,-0.0006,0.0,-0.0,-0.0006,-0.0006,-0.0
2018-02-28,-0.0,0.0,0.0,-0.0077409399211555,-0.014460688952179442,0.0,0.0,0.019827158909452393,0.0,-0.0003,-0.0003,-0.01602116206176824,-0.02274091109279218,0.0,0.0,0.02870738105006513,0.0,-0.0,0.014226980421956791,0.007507231390932849,-0.0,-0.0,-0.0,-0.0,-0.001971563010160333,-0.008691312041184274,0.0,-0.0,0.014057781998457227,-0.0,0.0,0.012529295924463058,-0.0028305512980721956,0.012686218988296893,-0.002717835920109605,0.005809546893439116,-0.009550300329096137,0.005966469957272951,-0.009437584951133546,-0.0,-0.0004430769361661644,-0.0,0.0,0.0,0.014804054908406498
2018-03-31,-0.0,-0.0,0.0,0.02152374439780592,0.0268902047767384,0.0,0.0,-0.0006,0.0,-0.0,0.0,0.02080999499672672,0.0261764553756592,0.0,0.0,-0.0006,0.0,0.0,0.01940496931272549,0.024771429691657968,0.0,0.0,0.0,-0.010921817701916097,0.027344692881064354,0.032711153259996836,0.0,-0.0,0.021278778524633595,0.0,-0.0,0.040969858854742115,0.022532039919567613,0.04862347140569795,0.030026787014641586,0.046336319233674594,0.027898500298500092,0.05398993178463043,0.035393247393574065,-0.0,-0.0006,0.01064307184010053,0.025491431486130336,0.0,0.018596684391056363
2018-04-30,-0.0,-0.0,-0.0,0.035387100742436464,0.02328603549611922,-0.0,-0.0,-0.0,-0.0,-0.0,-0.0,0.03511242339143702,0.023011358145119773,-0.0,-0.0,-0.0,-0.0,0.0,-0.003468919911196927,-0.015569985157514173,-0.0,0.0,0.0,-0.0003,0.0054486346730012345,-0.006652430573316011,-0.0,0.0,-0.0006,-0.0,0.011951065246317245,-0.004803952229095144,0.020891148485619536,0.008628470961653367,-0.0036081508128213784,-0.01690501747541239,0.00879008323930229,-0.0034725942846638783,-0.015709216059138623,0.0,0.0,-0.0003,-0.0006,-0.0,-0.0006
2018-05-31,0.0,0.0,0.0,0.0007545178715535165,-0.01257999685655858,0.0,-0.0,0.0,0.0,0.0,0.0,0.00788459431467816,-0.005449920413433937,0.0,-0.0,0.0,0.0,0.0,0.022952378172610182,0.009617863444498085,-0.0,-0.0,-0.0,-0.0,0.03343312752417217,0.020098612796060074,-0.0,-0.0,-0.0,-0.0,-0.00015,0.009871548016714268,-0.0036055411150113592,0.016151313393792333,0.019483924861716483,-0.003462966711397829,-0.016940055843123455,0.0028167986656802355,0.0061494101336043855,-0.0,0.0,0.0,0.0,0.0,0.0
2018-06-30,0.0,-0.0,-0.0,-0.0009179357754514283,0.007966048463356416,0.0,0.0,-0.0,0.0,-0.0,-0.0,0.00661655589033837,0.015500540129146215,-0.0,-0.0,-0.0,0.0,-0.0,-0.004944639559464441,0.003939344679343404,0.0,0.0,-0.0,0.0,-0.0056374759010086204,0.003246508337799224,0.0,0.0,-0.0,0.0,-0.009033984238807845,-0.0005374348243280674,0.0009985434666097011,-0.016683245553354962,0.012158531795717561,0.008346549414479777,0.009882527705417546,-0.0077992613145471176,0.021042516034525408,0.0,-0.0,0.0,-0.0,0.0,0.0
2018-07-31,0.0,0.0,0.0,0.01100381980962018,0.0064749771762964686,-0.02922622018098866,0.0,0.0,-0.01773484991229129,0.0,0.0,0.013488356531719857,0.008959513898396146,-0.03171075690308833,0.0,0.0,-0.0,-0.0,0.03394519833355925,0.02941635570023554,-0.05216759870492773,-0.0,0.0,-0.0,0.02960131490750754,0.02507247227418383,-0.047823715278876015,0.0,0.0,-0.03633234501017865,-0.00015,-0.017922400371368476,0.03025190518453795,0.04334007986694257,-0.006431030102671111,-0.022451243004692187,-0.0006,0.03881123723361886,-0.010959872735994823,-0.04877430555590643,-0.06186248023831105,0.0,0.0,-0.037282935287209065,-0.050371109969613685
2018-08-31,-0.0,-0.0,-0.0,-0.00015,0.01055161038816854,0.009032425303989653,-0.0,-0.028842315070732143,0.02459958096973356,-0.0,0.0,-0.00015,-0.0003,0.01425948983783672,-0.0,-0.023615250536885075,0.029526645503580626,0.0,-0.00015,0.005165625009441621,0.014418410682716572,-0.0,-0.0,0.02968556634846048,-0.00015,0.008162866423770152,0.01142116926838804,-0.0,-0.0,0.02698832493413195,-0.0,0.008355282710484949,-0.0006,-0.028919457664236845,0.023922438376228858,0.01958403569215819,-0.0,-0.0176907046825636,0.0351511913579021,0.03802321177745115,-0.0006,0.0,0.00014847140272936088,0.053590367443195064,-0.0006
2018-09-30,-0.0,-0.0,-0.0,0.02689010501797696,-0.0003,0.005537176384054279,0.0,-0.0006,-0.030664435750966963,-0.0,-0.00639640261758871,-0.0,-0.0,0.010216654288611487,0.0,-0.0006,-0.025984957846409754,-0.0,0.021030417930847936,0.004767345781515053,0.011396863471183304,0.0,0.0,-0.024804748663837937,0.016114224495831043,-0.00014884765350184,-0.0003,-0.01901011107570798,0.0,-0.019888555228821044,0.0,0.03257728140203124,0.0,0.03194968606798309,-0.003624330732990001,0.016164209252698358,0.0,0.015536613918650206,-0.020037402882322884,-0.0020970541695077838,2.759533404815193e-05,-0.0,-0.0027246495035559357,-0.03829866630452903,-0.0361740168009731
2018-10-31,-0.0,-0.0,-0.0,0.002565359969700893,0.0,-0.0003,0.0,-0.00623976068996012,-0.0003,-0.03216764654117351,-0.0003,0.0015437571073640952,0.0,-0.006282585975376622,0.0,-0.0053681578276233224,0.00616749476088912,-0.0,-0.03017388943380941,-0.04207260060035797,-0.0003,-0.052770971222713486,0.0,-0.0003,-0.05189920865691249,-0.06379791982346106,0.0,-0.07389629044581655,0.04822480793665326,-0.0003,0.011748711166548565,-0.004588828868012526,0.0,-0.003074400720259227,0.007861251868253216,-0.016487540034561092,0.0,-0.014973111886807793,-0.00403745929829535,-0.026585910656916595,-0.0006,0.0,-0.025071482509163294,-0.014135829920650853,-0.0006
2018-11-30,0.011457469738369013,0.04704753827852012,0.0347899023222038,-0.00990672155305386,0.0,-0.0036393201108765715,0.0,-0.013826310434880452,-0.0,-0.0003,0.0,0.0018507481853151527,-0.025651881252562347,-0.0003,-0.007401312710342067,-0.0006,-0.0003,-0.0,0.03744081672546626,0.010238187287588761,-0.0,0.02878875582980904,-0.0,-0.0,0.025183180769149945,-0.0020194486687275526,-0.0,0.016531119873492726,-0.0006,-0.0,0.027202629437877497,-0.013246041663930432,0.00805206089565722,-0.023733031987934312,-0.03255166379472856,-0.04044867110180793,-0.0,-0.05093566142581181,-0.0003,-0.02189810255958765,-0.0,-0.0,-0.03238509288359153,-0.0006,0.00821863180679425
2018-12-31,-0.0003,-0.0003,-0.0003,0.002153762913290887,-0.0,-0.0003,-0.0,0.02046395322542351,-0.0,-0.0,-0.0,-0.027375896470282757,0.009742121696318811,0.0,-0.0006,0.04939361260899715,0.0,0.0,-0.03221630316752905,-0.0003,0.0,-0.0006,0.05423401930624344,0.0,-0.030580397186452803,-0.0003,0.0,-0.0006,0.0525981133251672,0.024472443820313904,-0.03711801816660157,0.013327587583061665,-0.023928374749037407,0.022617716138714397,-0.005807953366138896,-0.0003,0.0,0.059735734305315966,0.031010064800462672,-0.0006,0.008690128555652732,-0.019435540949200563,0.0465460908877518,0.01752042138289851,-0.0006
2019-01-31,-0.0,0.0,-0.009023014494688104,0.008548629263460696,-0.0,-0.0,0.0,-0.0006,0.016282734983015777,0.0,-0.02674428867771217,-0.009172644919563367,-0.0003,0.0,0.0,-0.0006,0.03400400916603984,0.008609143604510693,0.026180787362659493,-0.0,-0.0,-0.0,-0.0006,-0.0013494231161830187,0.0172716437581488,-0.015074074435595032,-0.011351563147680195,-0.0026382570215938463,-0.0006,0.007859720488327674,0.0024975693225537682,0.006220080610468606,0.015233386736554954,0.022712710992137224,0.025131364246476474,0.0,0.0,-0.0006,0.022633794923922708,0.0,-0.0006,0.01891128363600787,-0.0006,0.00989797750992152,0.001818653254339251
2019-02-28,0.0,-0.0,0.016578306792866614,0.01533805954190209,-0.00011019285424608219,-0.0,0.003125484022429268,-0.0,-0.019580182784699106,-0.0,0.02099377734162037,0.019753530090655846,-0.0,-0.0,0.0075409545711830235,-0.0,-0.02399565333345286,-0.0003,-0.00015,0.0,0.0,-0.012187485485426332,0.0,-0.0042672132768435045,-0.00015,-0.0003,0.0026405614447920635,-0.0006,0.0,-0.0030018759918324887,-0.00015,0.0014003141938275384,-0.0006,-0.0006,-0.004242123242797014,-0.014047938202320634,-0.0,-0.0,-0.019390375638945186,-0.010812261325645283,0.0,-0.005642437436624553,-0.0034623664453865294,-0.015854698762269838,-0.012992332316883307
2019-03-31,-0.0,0.0,-0.018373680124471513,-0.00015,-0.0003,0.0,0.00307894538673067,-0.02065815667051845,0.004159907437757982,0.0,-0.021252798431514806,-0.00015,0.0,0.0,0.00019982707968737657,-0.023537274977561744,0.007039025744801275,0.0,-0.0,-0.0,0.01613503011921586,0.008471182436615108,0.0,-0.0012323296121264562,-0.022910445261171745,-0.0,0.003453587044628788,0.020852625511202184,0.0,-0.014213772686713531,0.0,-0.00015,-0.0019078197499695615,-0.025044921807218682,0.008546672574458214,0.020690761990395996,0.0036154505654349724,0.0,0.0030234022590536792,0.024906212555830972,0.0011691104985818504,-0.0003,-0.0006,0.0072388528244886514,-0.015898249232760467
2019-04-30,-0.026993281779518496,0.0,-0.01586732114127392,0.0064824189108347524,-0.0013127488231503802,-0.0,-0.007445149351456298,-0.0006,-0.0003,-0.0,-0.0003,-0.0,-0.0,-0.0,0.019248132428062198,-0.03140220091648942,-0.056166787060160296,0.0,-0.0,0.008532355900820732,-0.0003,0.0023999553725148146,-0.0,-0.03931861000461291,-0.00015,-0.0,-0.036303967613606124,-0.0006,-0.019976240278244847,-0.045340826421915725,0.0,-0.013954227561497454,-0.0006,0.0019234997738638274,-0.02284108636980705,-0.021449395295482586,-0.0006,-0.005121667960121305,-0.03048625410379218,-0.027881795823788504,-0.0006,-0.0,-0.011554068488427223,-0.0369186546320981,-0.0006
2019-05-31,-0.0003,0.0,-0.0003,-0.018001074432506817,-0.0003,-0.0,0.00715562966811124,-0.0,0.0,-0.005626176924663126,-0.02239797057563244,0.0,-0.0,-0.0,0.019876823375571947,-0.016587098503226528,-0.00023271323433383083,-0.0,-0.010756057649709237,0.021340077310218277,-0.0,0.014550646450908821,-0.0,-0.0003,-0.02752785130067855,0.004268283659248964,-0.0026901532989293785,-0.002821147200060492,-0.0006,-0.0003,-0.0,-0.02528769800174917,0.024556704100618058,-0.02186697922827264,-0.0055125939593799415,-0.0003,-0.007389430859309456,0.010079155731654875,0.026433541000547574,-0.00013099390113111356,0.0,0.0,0.003289724872345419,0.019644110141238118,0.0
2019-06-30,0.0,-0.0,-0.0,-0.00015,0.018879890628578547,-0.0,-0.0064147479841143405,0.0,-0.0,-0.021845347035239264,-0.022486552391618137,-0.0,-0.0,-0.02324365521574489,0.010117319180061861,-0.0006,-0.0312960361146886,-0.0,0.01835177039275806,0.013866610757515488,-0.0,-0.011728027855177403,-0.016854166124976627,-0.0,0.017710565036379185,0.013225405401136614,-0.0003,-0.012369233211556276,0.0,-0.0,0.0,0.017253462212252435,-0.03007979824793546,-0.0006,0.008901081313308723,0.012468302577009864,-0.0006,-0.0006,0.004415921678066152,-0.012826336035683027,-0.01795247430548225,-0.0,0.004526138269799224,-0.021178716934626737,-0.02630485520442596
2019-07-31,-0.0,0.009322897312793328,0.0,-0.0,-0.0003,-0.012727407824227306,-0.0006,0.0,-0.0,0.018568512290524062,0.04132190432166204,-0.0,0.0,-0.0034817928464965712,-0.0006,0.0,-0.0003,-0.02305339203113798,0.024351456802126456,0.012708048243510362,0.021750305137020632,-0.014400604468985813,-0.0020177308466008473,0.04321089993153007,0.047104848833264434,0.03546144027464834,-0.0,0.008352787562152166,-0.0,-0.0,0.0,0.002301151665105823,-0.0006,0.0,-0.019159443129403618,-0.009342256893510271,0.0,0.0,-0.0003,-0.03645090960600644,-0.02406803598362148,0.02116059479450944,-0.0006,-0.0006,-0.0006
2019-08-31,-0.0,-0.01088129912734987,-0.0029154384089498516,0.009294206144527927,-0.0,-0.0003,-0.0,-0.0,0.0,0.008777581628350326,0.017043442346750346,0.0,0.0,0.02055943544568094,0.0,0.0,0.0,-0.0003,-0.0014370929828219437,0.001793168797504643,-0.011781853817330615,0.0017672494271921643,-0.0037214726905591728,-0.020175201606266947,0.006828767735578076,0.010059029515904663,0.0,0.010033110145592184,0.003944388027840848,-0.012209340887866927,-0.0,0.01034476083450867,-0.003804342410014108,0.0,0.018738108623445004,0.013575022614835256,0.0,0.0,0.0,-0.0006,0.00806038112677144,-0.008393347788936334,0.0,0.0,0.0
2019-09-30,0.027898894259893343,0.0010020644115988527,-0.0003,-0.00015,-0.01400436468770964,0.0,0.0,0.0020008462022123134,0.0,0.029200958671492198,0.02604851079071419,0.049152822490796715,0.0,0.04040485171906128,0.0,0.03019974046210566,0.0504636419475616,-0.0,-0.020101863819304514,-0.012702300276110787,-0.0003,-0.031189055798462106,-0.0006,-0.0003,-0.00015,-0.015854748156888795,0.0,-0.03434150367924012,-0.0006,-0.0003,0.007249563543193727,-0.00015,-0.0006,-0.019103082028691053,-0.00015,-0.0014984072285417023,0.0,-0.011703518485497326,0.00856038299995862,-0.020585162750893022,-0.0006,-0.0003,-0.030190274007848645,-0.0102263725223927,0.0
2019-10-31,-0.0003,-0.0003,-0.0,-0.0,0.0026033720079603143,0.0,0.009242335987934381,-0.0006,0.0002028866428316379,0.018462062839735338,-0.0003,-0.0007291666666666667,-0.01058840037089542,0.014637889327268698,0.0,-0.00576968804335922,0.013394659021687372,-0.0,-0.00015,0.008173662468839918,-0.0,0.015412626448813985,-0.0,-0.005367403818047966,0.0,-0.011275974762906801,0.0,-0.004037010782932736,-0.0,0.014082233413698754,-0.011017567037562086,0.0,-0.00437860305758802,-0.0006,0.0,0.004349488956373278,-0.0,-0.01605808841425464,0.003106258650791952,0.011588452936347342,-0.0,-0.0,-0.008819124434280574,0.010345222630766017,0.0
2019-11-30,-0.0,-0.0,0.031371944692408955,0.0,0.0078229117960023,-0.0,0.030708831923347748,0.0045504537830253974,-0.0003,-0.0003,-0.0,-0.00015,0.0007139665465211512,-0.0003,0.0229998866738666,-0.003158491466455752,0.018558042512111482,0.010579479126532171,0.0,-0.012969553769874482,0.0,0.009916366357470965,-0.016242011782851385,-0.0003,0.0488683139967447,-0.0003,0.017764328567837818,-0.0006,0.0,0.04312104195503929,0.02516928110033804,-0.0,0.04805520122768349,0.02189682308736114,-0.0,-0.0057847043285688335,-0.0,-0.0006,0.019272009058632633,0.017101215798776614,-0.009057162341545737,0.0,-0.0006,0.042157929185978084,0.015999551045655733
2019-12-31,-0.0,0.0,-0.0003,-0.0,-0.005251080053198166,-0.01598671057259759,-0.0006,-0.0006,-0.014781681792397191,0.042335926697430824,0.0,-0.0,-0.01328298348567055,-0.007954807140125204,-0.0006,-0.0006,-0.006449778359924807,0.006192967273298294,-0.0,0.02935294321176028,-0.0,-0.0006,-0.0006,-0.0,-0.04276464368981128,0.022859975938461983,-0.04409776656425774,0.0,-0.0,-0.04289273778405734,-0.019604667751349298,-0.0014831228744464557,-0.0006,-0.0006,-0.0,-0.020937790625795753,0.02620159385953859,0.012217387734325909,-0.019732761845595356,-0.047739384485334345,-0.033755178360121665,0.0,-0.0,-0.046534355705133944,-0.032550149579921264
2020-01-31,0.0,0.0226646187157085,0.0,0.008540159354525921,-0.0003,-0.0003,0.0,-0.0,-0.0003,-0.0003,0.0,0.03269219444180242,0.018601929803206338,-0.0003,-0.0,0.026238903406241333,-0.0003,-0.0003,0.03150477807023443,0.017414513431638343,-0.0,-0.0,0.025051487034673338,0.03342572964250207,0.037081204068127475,0.023140939429531396,-0.0003,-0.0,0.030777913032566388,-0.0003,0.013940264638596083,0.004671237043800441,0.02638323825794367,0.005403291035561086,-0.0022209515722676457,-0.009569027594795642,0.012742973619347587,-0.0006,-0.01631121621086373,-0.0006,-0.0013320539917606455,-0.0,0.020379947222382584,-0.0006,-0.0006
2020-02-29,0.0,-0.0003,0.0,-8.417002388256406e-06,-0.05193365869384537,-0.0,0.0,0.0,-0.0,0.0,0.0,0.026412252396557947,-0.02521298929489917,-0.0,0.0,-0.0006,-0.0,-0.0,0.05709995434387022,0.005474712652413102,-0.0,0.0,-0.0006,-0.0003,0.04531546013693863,-0.006309781554518487,-0.0,0.0,-0.0006,-0.0,-0.00015,-0.0025808992723299934,0.09655762077314921,0.025269936491318378,-0.004034343005811828,-0.05420614096378711,0.04493237908169209,-0.026955305200138738,-0.05565958469726894,0.0,-0.0006,-0.0,-0.0006,-0.0,-0.0
2020-03-31,-0.019668569356482982,-0.06865242465547917,-0.039529294340464226,-0.00015,-0.023404674296372878,-0.0027933202479651694,-0.02285820214945871,-0.022231557012139826,-0.0,-0.0,-0.0,-0.00015,-0.0003,0.0,-0.0034896327929757297,-0.0,0.0,0.0,-0.00015,-0.0003,0.0,0.04549422250602046,0.0,0.0,-0.00015,-0.0003,0.0,0.01637109219100551,0.0,0.0,-0.0,-0.00015,-0.014682474529245855,-0.0006,-0.00015,-0.0003,0.0005464721469141676,-0.0006,-0.0003,-0.02036488190149354,-0.0,-0.0,-0.0012266451373188839,-0.00996802564739656,0.0
2020-04-30,0.03824657979333223,-0.0003,-0.0003,0.01544417304550885,0.008130665804622742,0.011034791066236019,-0.037029079489579286,-0.020795483336181614,0.0,0.04053530355508595,0.028454808144915363,-0.0,-0.030415913988709485,-0.0,-0.0006,-0.0,0.01443350965966842,0.0,0.018032896807262576,0.01041938956637647,0.0,-0.0006,-0.018806759574427886,0.0,0.005952401397091989,-0.0016611058437941192,0.0,-0.0006,-0.030887254984598475,0.0,-0.007613507240886108,-0.0,-0.0006,-0.0,-0.008068897088154958,-0.003204125261613275,0.043959745294202025,0.028326149140804356,-0.015682404329041066,-0.0006,-0.0,-0.01277827906742779,-0.0006,-0.06054214962324309,-0.04490855346984542
2020-05-31,-0.0003,-0.0,-0.0,0.011532198074115598,-0.0027938470700054445,-0.0003,0.004116330127482511,-0.0006,0.0,-0.0003,-0.0003,0.003798550954165711,-0.01037749418995533,-0.0,-0.0,-0.0,-0.0003,-0.0,0.03719744761562664,0.022871402471505597,0.0,0.029181579668993554,-0.0006,0.0,0.041113633511060885,0.02678758836693984,0.0,0.0330977655644278,-0.0006,0.0,-0.014326045144121042,0.014945109042050111,-0.0,0.011862796536416925,-0.0001875,0.00076906389792907,-0.006910177197487956,-0.0018632486077041176,-0.014513545144121042,0.0,0.0,-0.0003,0.004446928589783838,-0.007603367946633087,-0.0006
2020-06-30,-0.0,0.0,0.0,0.05064613080974577,0.0335032528018423,0.0,-0.009951338395125547,-0.0,0.0,0.0,0.0,0.05991397087681674,0.04277109286891327,0.0,-0.001283498328054574,-0.0,0.0,0.0,0.03796806917719979,0.020825191169296323,0.00028713421110195843,-0.022629400027671526,-0.024400195999698598,0.0,0.030358575024469075,0.013215697016565608,-0.007322359941628756,-0.03023889418040224,-0.03200969015242931,0.0,0.016842878007903465,0.03738093496609783,0.05999746920487131,0.06176826517689839,0.018450360970907027,-0.0003,-0.0006,-0.0006,0.001307482963003561,-0.0,-0.0,0.0,-0.0006,-0.04214710823396429,0.0
2020-07-31,-0.0,-0.0,-0.0,0.010664909308675379,-0.0003,-5.086696864962248e-05,-0.0006,-0.0,0.0,-0.013652609743898253,0.0,0.018238312845714057,-0.00836448959528692,0.007522536568389056,-0.024894252821860353,0.0,0.0,-0.015514097081289183,0.03159092258961231,-0.0003,-0.0003,-0.0006,-0.018643340000466684,0.0,0.016376825508323128,-0.01022597693267785,0.005961049230998126,-0.026755740159251282,-0.0006,0.016831379677190058,0.026602802441000977,0.010415776277325001,0.04313256566757441,0.014147582589145629,-0.0007545541688669317,0.0,-0.0,-0.013055219851855348,-0.0003,-0.0,0.0031318063118206275,-0.011470330446191933,-0.029584983078428783,-0.0006,0.0
2020-08-31,0.0,0.011660193743277454,0.0,-0.019282720954495246,0.002243649446724479,-0.0003,0.0,0.0,-0.0,-0.0033113166775475926,-0.0,-0.03455423137532029,-0.012727860974100568,-0.0003,-0.0006,0.0,-0.0,0.009641266990411512,-0.0312429146977727,-0.0,-0.0,-0.04279426574605193,-0.007279404200572406,0.033214975109003,-0.02160164770736119,0.00022472269385853672,-0.001531218783840875,-0.0006,0.0,-0.0003,-0.00015,-0.020070428923520314,-0.07343718044382462,-0.038522318898345106,0.002272060411230299,0.0014559414776994118,-0.0522108100426049,-0.01669594849712538,0.023798430812450023,0.0,-0.0006,-0.0003,-0.0006,-0.0,-0.0
2020-09-30,-0.0,-0.0003,-0.0,-0.006608254635842953,-0.006037125835091273,-0.0,0.0,-0.0,-0.0,-0.0003,0.0,0.0009074563596906093,0.001478585160442289,-0.0,0.0,-0.0,-0.0,0.01962212144058867,-0.0192153371290041,-0.018944208328252422,-0.0,-0.0006,0.026030296120373754,-0.0003,0.00040678431158456857,0.0009779131123362483,-0.0013704525569320696,0.02052631629194369,-0.0,-0.0,0.0,0.0017772368685166381,-0.020719531980359123,0.006814958991369652,0.009711686110694735,0.0023483656692683177,-0.020148403179607442,0.007386087792121332,0.010282814911446414,0.0,0.004437722122853014,-0.0,0.026934490971728776,-0.0,-0.0
2020-10-31,-0.0,-0.020638950315051894,-0.0,0.025411097566681907,-0.0012964469342011606,0.0,-0.0,-0.0,0.0,-0.0,-0.0,0.030814086443674085,0.004106541942791017,0.0,-0.0,-0.0,-0.029769899374166183,0.014106241191489566,-0.00015,0.01904250338085073,-0.03525645331162019,-0.0,-0.006521596337231178,-0.0447058608122259,0.059856289073223365,0.033148744572340294,-0.0003,-0.0006,0.0,0.0,-0.0,0.010793594570113616,-0.0006,0.03922845154450262,0.0013441870695079033,-0.01591394993076945,0.04736625420812138,0.012520907043619554,-0.025363357431375164,-0.06388020413889084,-0.0006,0.0,-0.03484534716450183,-0.07332961163949654,0.0
2020-11-30,-0.0,-0.024307403073290306,0.0014918529913963297,0.023223882678550956,-0.0003,-0.0,-0.0,-0.0,0.0,-0.023850966985631588,-0.0,0.023980318766209676,-0.0003,0.0,-0.0,-0.0,-0.0003,-0.022515550081893976,0.0,-0.03022987451866055,-0.023791324787287193,-0.01358050464524876,-0.00610769567866927,-0.036252648664196495,0.025015735669947286,-0.0003,0.0009757747053932165,-0.0,-0.0,0.013437098582302518,0.017751411233180713,-0.00015,0.0339507811065925,0.04142359007317199,-0.00015,-0.006438549731373356,-0.0006,-0.0006,0.006022774145535946,-0.0006,-0.0,0.0,-0.0006,-0.0006,0.0
2020-12-31,-0.0,-0.0016354899114083927,-0.0003,0.007602277187182989,0.005904570985901155,0.0,-0.0,0.0,0.0,0.010700954920279837,0.0,-0.004734167644505241,-0.006431873845787075,0.0,0.0,0.0,0.018275606225771162,0.007204634691018577,0.006116787275774596,0.004569081074492762,-0.0016753037088496842,0.009702116509870564,-0.009092855000670984,-0.0003,-0.00015,0.0,0.008879938399868262,-0.0,0.0,0.015079285996509905,-0.00015,0.00779209098462428,-0.004635329234095968,-0.0006,0.013991438581265923,0.006244384783342446,-0.005733035435377802,0.0,0.01244373237998409,-0.0,-0.0080175512918213,0.0,0.0,0.0,-0.001818203695179656
2021-01-31,-0.0,-0.0003,-0.0,0.0035712330420929307,0.00979930987321278,0.0,0.0,0.0,0.0,0.008519333587060307,0.0,-0.0161703407557279,-0.00994226392460805,0.0,0.0,0.0,0.035290628917292746,-0.0007643382052698183,-0.0076510071686675925,-0.0014229303375477426,-0.0003,-0.020083204921314834,-0.0179481390071758,0.0,-0.007036668963397774,-0.0009585921322779242,-0.0003,0.0,0.0,0.026006957124962624,-0.0,0.021511155915338556,0.01243219775264724,0.009697131838508207,0.01912028816156485,0.027739232746458405,0.01866027458376709,0.015925208669628058,0.0253483649926847,-0.0,-0.0006,-0.0,-0.0,0.006088090408917611,0.008823156323056644
2021-02-28,-0.01879456404621975,-0.0,0.0,-0.00015,-0.0003,0.006183391410871519,-0.0,0.0,0.0069657039568480125,-0.003598828005301268,0.0,-0.00015,0.021135150522872084,0.0,0.024101926307925216,-0.024431853349870827,-0.0003,-0.0003,-0.00015,-0.0003,0.02167912745179,-0.0006,-0.0006,0.022461439997766494,-0.00015,0.04657797063931279,-0.0007648646593494384,-0.0,0.0010109667665698825,0.000317447886627055,0.010006093482230716,0.035957012497732636,-0.0006,-0.03601091039051219,0.03673932504370913,0.046113105979963355,-0.0006,-0.0006,0.04689541852593985,0.04907988176501648,0.0005461021072204439,0.0,0.0,0.050462194310992976,0.0019284146531969373
2021-03-31,-0.0003,0.0,-0.0,0.0,-0.0017125915704598437,-0.006614486682979141,-0.0,-0.0,0.012589875469207933,-0.0003,-0.0,-0.003241390074036552,0.019538063292480493,-0.02786514154591948,-0.0006,-0.0006,-0.008660779393732401,-0.0,-0.01356794938607374,0.008911503980443304,-0.01723858223388229,-0.0,-0.0,0.0019657799183047855,0.0,-0.002903403675892813,-0.005123674577546172,-0.0,-0.0006,0.014080687574640902,-0.00015,-0.030656531619956028,-0.02776101591095867,-0.0006,-0.011452169467768954,-0.008027078253438985,-0.005131562544441626,-0.0,0.01117728389874809,-0.0034955157089973585,0.000484562791341632,0.0,-0.0,0.015708846443189716,0.019688924943528707
2021-04-30,-0.0,0.0,0.0,0.0,0.0034046281898202305,-0.00040268863320691746,0.018213751320693267,-0.0,0.018186715186231363,0.0,0.0,-0.024957272501422847,-0.00811631347923246,0.011118253035845772,0.0,0.0,0.029707656855284054,-0.0,0.00131768217285014,0.01815864119504053,-0.015156701638427214,0.0,-0.0,-0.0003,-0.011765284688536106,0.005225674333654283,-0.0022237347770409695,0.0,-0.0,0.016365669042397314,-0.0,-0.013839019465577074,0.005377420488323109,-0.0,0.0047503843538612076,0.003001939556613313,0.022218379510513496,-0.001372413740579826,0.021591343376051595,-0.0006,0.0037743532971931393,0.0,0.022390793251093322,-0.0006,0.02236375711663142
2021-05-31,-0.0,-0.0015385825856153567,0.0,0.028739117186793332,0.0031047774925775304,0.00011900534427017329,-0.0006,0.0,-0.01765478264661204,3.6444637753063906e-05,0.0,-0.00015,0.0015297502692091097,0.001694032567638594,0.0,0.0,-0.01607975542324362,0.0,0.027650534601177976,0.0018661949069621736,-0.0003,-0.0047027387431378895,-0.003774552611202648,-0.0,0.03841078346135558,0.01262644376713978,-0.009402660930292076,-0.0,-0.0,-0.02717644892117429,0.0,0.029008122531063506,-0.0006,0.030225087212380625,0.011234334540181294,0.0032237828368477037,-0.0006,0.005040747518164822,-0.014550005154034509,-0.0033451508132523594,-0.001816964681317118,-0.0,-0.0006,-0.02111893880413457,-0.01959075267219933
2021-06-30,-0.0,-0.0003,0.0,-0.0012453612034664825,-0.006127131685256115,-0.018993806156836546,0.0,0.0,-0.010798321855784712,0.02725356112262639,0.0,0.0,-0.0003,-0.01253962611518055,0.0,0.0,-0.004344141814128714,0.019931252462432582,0.019554019877503912,0.014672249395714279,-0.04009318723780694,-0.004632774814128944,-0.0006,-0.0,-0.00015,-0.0003,-0.019561934775374358,0.0,0.0,-0.01136645047432252,0.0,-0.02023916736030303,0.0,0.003637265414811891,-0.012043683059251194,-0.025120937842092662,0.0,-0.001244505066977741,-0.016925453541040827,-0.044425962051935886,-0.02387643277511492,0.0,-0.0,-0.036230477750884046,-0.0006
2021-07-31,0.0,0.0,0.013874218747361713,0.005513240030678529,-0.0003,0.006191780429136206,-0.0,-0.0,-0.002140299339393072,-0.0003,-0.0,-0.0,0.0,-0.0003188492439752857,-0.0,-0.00772397631698274,-0.008650929012504563,0.014685377632886312,0.00602439891620313,-0.0003,0.005680621543611605,-0.0006,-0.0,-0.0029514582249176727,0.0,0.0,0.020365999176497916,-0.0,0.012960872103490464,0.01203391940796864,0.0,0.011705020459814735,-0.015347111105808746,0.00489989338680728,0.0033729406912854573,-0.0011816311508927365,-0.0,-0.00798675822390019,-0.009513710919422014,0.026452131565623482,0.0068051270730074545,-0.0,0.0,0.0181200517970942,-0.0
2021-08-31,0.0,-0.0,-0.0012282535875282677,0.01918332691469433,0.015509504145466717,0.0007896768464814158,-0.0,-0.0,-0.005906043986991311,-0.0,0.0,-0.0,0.01670263863111613,-0.0004034576391679992,-0.0,-0.0006,-0.007099178472640726,-0.009520327089790547,0.010891253412432052,0.007217430643204439,0.009081750348743695,-0.0,0.0,0.002386029515270968,-0.0,-0.0,-0.0004385767410468519,-0.0,-0.0056342437093084615,-0.007134297574519579,0.0,0.019973003761175747,-0.0006,0.014777336792914137,0.01327728292770302,0.016599180991948133,0.001280766799519507,0.011403514023686525,0.009903460158475406,0.014718414192428628,0.00519566696826161,-0.0,0.0,0.0080226933589559,-0.0
2021-09-30,-0.0,-0.0,-0.0003,0.0022659557397875897,0.02438936065037161,-0.0003,0.0350043511109276,-0.0,-0.0003,-0.0,-0.0,-0.01603758877470006,0.006235816135883962,-0.002190543394545587,0.016850806596439956,-0.003867646635805192,0.03851206954379345,-0.0003,-0.03825225971272797,-0.01612885480214395,0.020174127543482325,-0.005513864341587956,0.01849702430222272,0.060876740481821366,-0.037108305446529155,-0.015134900535945137,0.018880173277283512,-0.004219910075389143,0.017803070036023907,0.05958278621562255,-0.0,-0.018078132169245646,-0.0,-0.01915523541050525,0.022624480769093396,0.004045272741338375,-0.0006,0.0029681695000787697,0.04474788567967741,0.015260263201894369,-0.0006,0.0,0.013583159960634764,0.05596287614023341,0.0
2021-10-31,0.0,0.0,-0.028719936897079235,-0.00015,-0.0003,-0.017224237457122364,-0.051467113038929785,0.0,-0.030552370904400963,0.0,-0.0197853033147371,-0.00015,-0.0003,-0.025858871039464496,-0.042532479456587655,-0.0006,-0.039187004486743095,0.005822021065869877,-0.00015,-0.0003,-0.05146619542007147,-0.016925155075980677,-0.0006,-0.06479432886735007,-0.05203106474072702,-0.01950750751649193,-0.04534417435420159,-0.0006,0.003080786408925555,-0.058672307801480195,0.0,0.006386890386525426,-0.07537824088257758,-0.0006,-0.006941243060753173,-0.026436666837709667,0.0,0.021988293925417485,-0.039764800284988265,-0.06839135049605215,0.0,-0.0,-0.019966389732925,-0.08171948394333076,-0.0
2021-11-30,-0.0,-0.0,0.0043367167660091485,0.0,-0.0,-0.004365222028821045,-0.0006,-0.0,0.01990256015247825,-0.0,-0.011545059827215926,-0.01867036767340112,0.0,0.011516554564404029,-0.0006,0.0,-0.0003,-0.016980474354406354,-0.02410578220059155,0.0,-0.0003,-0.0006,0.0,-0.0003,0.006975307846185193,0.0041355890417930545,-2.8505262811896227e-05,-0.027695125237579134,0.004166529718904534,0.024239276918487394,-0.0029897188043921386,-0.007003813108997089,-0.0006,-0.0034087781272806586,0.017263969072302203,-0.004164094304604951,-0.0,-0.0006,-0.0003,0.027066619974767236,0.0,0.0,-0.0006,0.05133440215606653,0.0
2021-12-31,-0.0,0.0,-0.0287240185943078,-0.0,-0.0,0.008235558132768049,-0.001962405295352068,0.0,-0.008892365461035908,0.0,-0.03381333946597466,-0.00015,-0.0,0.013324879004434902,0.0,0.0,-0.0041030445893690546,-0.010848731810385589,-0.00015,-0.0,-0.0,0.015912881488570146,0.0,-0.0,-0.03823793067876466,-0.04485933607033908,-0.020488460461539754,-0.0006,-0.00720206104152531,-0.03761638405534371,-0.00015,0.017749470217224905,-0.011476317379808924,-0.0006,0.0006215466234209472,0.024370875608799324,-0.018097722771383343,0.0,0.006942952014995367,0.006873152837415981,0.0,-0.0,0.019559552257430425,-0.010254770756387976,-0.0
2022-01-31,0.0,-0.02681972093216603,0.028764286794101035,0.0,-0.0,-0.0003,0.009798047735349513,0.0,-0.0003,-0.029170411542557083,0.031114977404492088,-0.0,-0.0,-0.01407464366224064,0.011548738345740562,0.0,-0.002152799156705322,0.0022445658619350065,-0.02763526376311741,-0.025157038334107144,0.0,-0.016721673196816517,0.0,0.0,-0.00015,0.02710160419604215,0.017040333742251446,0.0,0.041973298390705696,0.028962178247786765,-0.0,-0.01268949588280097,-0.0006,0.011643468765653283,-0.0007676513772656506,-0.010061270453790704,0.008135365137290625,0.0,0.0018605740517446164,-0.0019259053165000782,0.0,0.0,0.023007059331954176,0.009995939189035241,-0.0
2022-02-28,-0.008241044094692798,-0.04407551529811336,0.037647597303272946,0.011694230710304005,-0.0,-0.0,-0.0006,-0.0,0.0,-0.05201655939280616,-0.0003,-0.0,-0.0,-0.015575952369185627,-0.0006,-0.031050033704676034,0.03393434591535216,-0.006427917994840413,-0.032231284587809356,-0.017809342311059226,0.0,-0.025613564754983408,0.0,0.0,0.0,0.011381424316218814,0.03001268902878012,0.018585646760142994,0.01513860769328971,0.0795229873133179,-0.0,0.004209322435811178,-0.0,-0.010664758899679232,0.053719620720348964,0.018631264712561307,-0.0006,0.0,0.06814156299709909,0.010827042268637125,-0.0,0.0,-0.0006,0.06033734055317491,0.0
2022-03-31,0.0063877388208633396,-0.0003,-0.01780817903402842,0.051733906139131904,0.026224270597838144,0.0,-0.01174111661094521,-0.0,0.0152445367532168,0.00941705846769398,0.0,-0.0,-0.0,0.009687123503152935,0.0,0.002416219433891878,0.02193227557408014,-0.01477885938719778,0.054763225785962544,0.029553590244668786,0.0,-0.00811179696411457,-0.0,0.0,-0.0,-0.0003,-0.014508794351738824,-0.0006,-0.02177969842099988,-0.0022636422808116202,0.0,0.0550332908214215,0.0,0.04776238675216044,0.0672784428923487,0.02982365528012774,0.0,0.021952751210866685,0.04206880735105495,-0.007841731928655615,-0.0,0.0,-0.015712635997916672,0.0044034201422715885,0.0
2022-04-30,-0.0003,0.0,-0.010222536204426716,-0.017931376327599703,-0.004596405939443887,0.0,-0.0006,0.0,0.008186626576637707,-0.006951089946726491,-0.0,0.0,-0.0,-0.009926414254694135,0.007369652266639538,-0.0006,-0.004747656642999065,-0.004239342931516436,-0.011948183054689423,0.0013867873334663938,-0.0,-0.0006,-0.009078452961678382,0.0,0.0,-0.0,-0.00721466723948408,0.010081399281849594,0.004239110030161945,-0.00203590962778901,-0.0,-0.014923507362657067,0.002372559158676607,-0.0006,-0.009744749750961996,-0.0015885369745012503,0.015707529546832424,0.009865240295144776,0.00359022063719382,-0.0006,0.0,0.0,-0.0006,-0.0006,-0.0068750196579509554
2022-05-31,-0.01203185446449462,0.0,-0.016708326086581366,0.02544740627443916,0.007362125938854491,-0.0,0.0,0.0,-0.0003,0.003425421321123369,0.0,-0.0,-0.0,-0.037917145044491146,0.015103959591377725,0.0,0.017843771296887266,-0.0015510503009633775,0.04060468206005715,0.02251940172447248,-0.0,0.0,-0.0006,0.0,-0.0,-0.0,-0.042893616666577886,0.010127487969290978,0.005954326401187364,0.01286729967480052,0.0,-0.0007378843055573618,0.052283220330311506,0.04751005876220789,0.05502303203582105,-0.01882316464114203,0.03419793999472684,0.03002477842662322,0.036937751700236374,0.0,-0.04944794306776526,0.0,-0.0,0.0021398117055095416,0.006912973273613156
2022-06-30,0.028601597177502113,0.037762269017486104,0.03293098505758102,0.027188896503149696,0.03253815562975105,-0.0,-0.0,-0.0,-0.0,-0.0003,-0.0,-0.0015627006743524172,-0.0,-0.0009066695939664107,-0.0006,-0.003220871611219424,-0.015295608437554467,-0.0003,-0.010873372514336411,-0.005524113387735059,0.0,-0.0,0.0,-0.006134936597570473,-0.00589208855443132,-0.0006928294278299675,-0.0003,-0.0006,-0.0006,-0.010966220557475564,-0.0,-0.002319370268318828,-0.01906880480367395,-0.004033572285571841,-0.016708309111906884,0.003029888858282524,-0.013719545677072596,0.0013156868410295107,-0.011359049985305531,-0.0,-0.0006,-0.0,0.0,0.0023604956917670644,-0.012674736826335043
2022-07-31,-0.0003,-0.0003,-0.0003,0.01508222040898005,-0.007215291248342656,0.0,0.0,0.0,0.026694443213309216,-0.0,-0.0,-0.00015,0.0233328895944328,-0.019340049713115877,-0.0,-0.0006,-0.003853737629466239,0.0,-0.00015,-0.0003,0.008252887198548107,0.0,0.0,0.024039199282197745,-0.00015,0.0006359897430279204,0.003356850138289005,0.0,0.0,0.019143162221938643,0.0,0.02659035153863963,0.02446751656039755,-0.0006,0.04207666362228927,0.004292839881316925,0.0021700049030748438,0.021454695840120882,0.019779151964966563,-0.0,-0.017761855958803956,0.0,0.0,0.01760914706189172,-0.0016755438751543186
2022-08-31,-0.015885606076069182,0.0,0.0,0.029980373616463038,-0.019174756599456416,-0.0,0.0,0.0,0.01457263946519493,0.0,0.0,-0.0,-0.0003,-0.03347690336440296,0.04768849306938308,0.0,-0.001012966610874251,0.0,-0.0,-0.0,-0.052867525636892156,0.0,-0.0,-0.020403588883363445,-0.0,0.03425848793589771,-0.0003,0.0,-0.0,-0.0388606050701592,0.0,0.012089076328129257,0.0938544727619153,0.0,0.04455301308165797,-0.0370660538877902,0.04469934254599585,-0.0021263903201823586,-0.004602117134261487,0.0,-0.0006,0.03216393675352871,-0.0,-0.049301459680257335,-0.002475726814079128
2022-09-30,-0.0003,0.0,-0.0,-0.00015,-0.0004546723448118177,0.0,-0.0,0.0,0.03822552755819027,0.0,0.0,0.0,-0.024862778042189095,0.05132657781959016,-0.0006,0.0,0.06233363325556754,-0.0,-0.0,0.015403474568639325,0.011060325208761738,-0.0,-0.0,0.02206738064473912,-0.029387791617348537,-0.020882692814871796,0.0,-0.0,-0.02387527431521665,0.05865354802825024,-0.0,0.018408700974924322,-0.04408891159209438,-0.0,0.029415756410901706,0.026763799777401065,-0.03573381278961764,-0.0006,0.037770855213378446,-0.0,0.02377121827705621,0.011007055435977384,-0.038726394289962496,0.07350466800299608,0.03537827371303359
2022-10-31,0.0,0.0067506167862050066,-0.0,0.0,-0.0003,-0.0,-0.0,-0.004012906863984169,-0.020277371581797245,-0.0,-0.0,0.0,-0.0003,-0.013825126927573317,-0.0073119545899193,-0.0,-0.02471557175961992,-0.022206034834247712,0.04869407564707775,-0.0003,-0.002336309963545634,0.004176862374108383,0.0,-0.013226754795592238,-0.00015,-0.0003,0.0,0.0,-0.032369558484436886,0.008679280038655472,-0.0,-0.05118038561062338,-0.0006,0.03778055199688857,-0.062070830442669984,-0.04322676241896792,-0.0361135900813139,-0.0,-0.05411720725101452,0.0,-0.01279983361373481,-0.010890444832046604,-0.005686661276080793,-0.01800361716970062,-0.023690278445781414
2022-11-30,0.0,-0.0003,0.0,0.0,0.0,0.010465470076118926,0.0,-0.016115921381502876,-0.017907781368153707,-0.0,-0.0,0.0,0.0,-0.014515730545280173,-0.0006,0.008565279239896223,-0.0431889819895528,-0.0003,-0.00015,0.0,-0.011192579397451163,0.003094735700514528,-0.0,-0.03986583084172379,0.0,0.0,-0.0061659277784762035,0.0,0.0005154764730922537,-0.034539179222748836,-0.0,-0.023354422549486487,-0.0,0.018003971244102537,-0.05202767399375912,-0.023015294048199325,-0.0006,0.017064842742815375,-0.05168854549247196,0.0,-0.00535045130538395,-0.0003,0.008936863792581741,-0.04296056654223832,-0.03402370274965658
2022-12-31,-0.0,-0.0,-0.0,0.0,-0.0,0.010125808371899164,0.030657931121052303,-0.0006,0.004491790794862437,-0.0,0.0,0.0,0.0,0.016359577772214758,0.03689170052136789,-0.0006,0.010725560195178032,0.0,0.0,0.0,0.03115046171844604,0.052282584467599175,0.0,0.025516444141409314,0.0,0.0,0.016102317518117186,0.03663444026727032,-0.0006,0.01046829994108046,-0.0,-0.003157019002301832,0.017375103746851306,-0.0006,-0.008791036579338558,0.011553900116172182,0.03208602286532532,-0.0006,0.005919882539135455,0.0,-0.009402919717932279,-0.005934017577036726,0.011729203031220858,-0.026766140326189864,-0.015036937294969006
2023-01-31,-0.0,0.0,0.0,-0.0,-0.0,-0.0021368259865898152,-0.0006,0.026225953882741498,0.022782336842878635,0.0,0.0,-0.0,0.0,0.0036341723331055967,-0.0006,-0.0,0.028553335162574047,-0.0,-0.0,-0.0,-0.022151749193567664,-0.0006,-0.0,0.0027674136359007867,-0.0,-0.0,-0.01979561748784171,-0.0006,-0.0,0.005123545341626741,0.0,0.023285146931055243,-0.0006,0.0008039809650964407,0.04820430976052369,0.0023859069000249505,-0.0006,-0.0,0.0273050697294934,-0.011897607389468816,0.024689127896151682,0.02491916282946845,0.0359867352856205,0.013621555439999634,0.04960829072562013
2023-02-28,0.0,0.0,0.0,0.0,0.0,0.00011760769818172298,0.034628267067465315,-0.0006,0.0028825761663835575,0.0,0.0,0.0,0.0,-0.0016305036619788417,0.03288015570730475,0.0,0.0011344648062229928,-0.0,-0.0,-0.0,-0.0306875974381522,0.0038230619311313994,-0.0,-0.027922628969950365,0.0,0.0,-0.011217323241840315,0.023293336127443283,0.0,-0.00845235477363848,-0.0,-0.023676239918379777,0.010834419450903821,-0.0006,-0.020911271450177942,-0.01707465948657334,0.017435999882710256,-0.0,-0.014309691018371505,-0.0006,-0.016532167199964126,0.0027649684682018345,0.01857849216931947,-0.03234569090108176,-0.013767198731762291
2023-03-31,-0.0,0.0,0.0,0.0,0.016195343843926773,-0.00716866028558749,0.034671859713642,0.0,0.04244805749892677,0.0,0.0,0.0,0.01855985859878514,-0.004804145530729123,0.03703637446850036,0.0,0.04481257225378514,-0.0,-0.0,-0.0,-0.0354819591022205,0.006358560897008982,-0.0,0.014134758682293755,-0.0,-0.011582868501545284,-0.03494687263105955,0.0068936473681699365,-0.0,0.01466984515345471,0.0,-0.00015,0.02048332904686854,0.0075790823576221255,0.02825952683215331,-0.0003,-0.0006,0.009885895534775443,0.025952713654999994,0.0,-0.013178108594738823,0.049616717784514264,0.028662411404490662,-0.0006,0.036438609189775435
2023-04-30,-0.0,-0.0,-0.0,-0.0,-0.033770053298836346,-0.009753274735114417,0.012927996988556227,0.0,-0.005101227926027074,0.0,0.0,-0.0,-0.012448802167030393,0.011567976396691536,0.03424924812036218,0.04669865574699959,0.01622002320577888,0.0,-0.0,-0.020399503077910226,0.003917275485811705,0.02659854720948235,0.0,0.008569322294899047,-0.03136202806937422,-0.028246615680735207,-0.004229837117013278,0.018451434606657366,0.03090084223329478,0.0004222096920740645,0.0,0.0,-0.0006,-0.0006,0.03163423776144829,0.0,0.0,-0.0006,0.02866882537280927,0.0,-0.0006,0.004652046809087342,-0.0006,-0.0186292249145833,-0.031078632541220716
2023-05-31,-0.0,-0.0,0.0,0.02336472848861842,-0.0025133501950504004,0.0063976828044670225,-0.01676750908756148,0.0,0.060871010647592115,-0.0,0.0,0.0,-0.0016123480425706826,-0.0003,-0.0006,-0.0006,0.06177201280007183,0.0,0.0,0.0018395753333581531,0.010750608332875576,-0.012414583559152925,0.0,0.06522393617600067,0.023070738164369005,-0.0029573405192998177,0.005953692480217605,-0.017211499411810896,-0.0006,0.0604270203233427,-0.0,-0.0,-0.0,-0.0,0.03735628215897369,0.0,-0.0,-0.01784111582233654,0.06338436084264251,-0.0,0.0,0.05447332784312509,0.0,0.0776385197351536,0.04614324502030598
2023-06-30,-0.0,-0.0,-0.0,-0.00015,-0.0003,-0.018384683965869942,-0.0006,0.016493636446200083,-0.0034455129652766064,0.0,-0.0,0.011323839535511858,0.006330127151347698,-0.015389177838367532,-0.0,-0.0,-0.00015000683777419664,-0.0,0.0,-0.0003,-0.01741187396430966,-0.0006,-0.0,-0.0024727029637163257,0.014398380107241489,0.009254667723077328,-0.012164637266637902,-0.0006,-0.0,0.002774533733955434,-0.0,-0.0,-0.0,0.02467196985420953,-0.011623846373286055,-0.0,-0.0,0.02012825747004537,-0.0064801339891218945,0.029290117183263527,-0.001891047519669859,-0.0003,0.0,0.04482928818385686,0.013648123480923476
2023-07-31,-0.0,0.0,0.0,-0.0,0.0,0.002318626453132258,-0.03765477229577022,-0.0006,0.01117417869352658,0.0,0.0,-0.00015,-0.0003,0.004824799077004734,-0.04016094491964269,0.0,0.013680351317399055,0.0,-0.0,-0.0,-0.020745179264154888,-0.014590966578483067,0.0,-0.011889627023760566,-0.00015,-0.0003,-0.0245851888088916,-0.010750957033746355,-0.0,-0.01572963656849728,0.0,0.0,-0.055361668520259116,-0.04363315676397085,0.02888107491801548,-0.0,-0.026656684904456402,-0.01492817314816814,0.00017609130221276845,-0.034736145842637955,-0.023607634086349694,0.0,-0.0,-0.025880593602243634,-0.014752081845955372
2023-08-31,0.0,-0.0,-0.0,-0.02489481402095837,-0.0,0.012098355448189178,0.02426486894617278,-0.0,0.0052333063129909145,-0.0,-0.0,-0.03667151836721902,-0.0,0.0003216511019285273,0.03604157329243343,-0.0,-0.0065433980332697365,-0.0,-0.003844284164755846,-0.0,0.0331488853043917,0.003214339089970255,-0.0,0.02628383616919344,0.0,0.0,0.04781609959533714,-0.011452875200975182,0.0,0.040951050460138874,0.0,0.0,-0.0004799450747855912,-0.0006,0.029978120333949285,0.0,-0.00046293152149499435,-0.0006,0.029961106780658688,0.03636322439436196,-0.0006,-0.0,-0.005099797447999032,0.029498175259163695,0.033997972707162726
2023-09-30,0.004051136029747904,0.0,0.0,-0.00015,0.0,-0.0037165680748408843,-0.0006,0.0,0.01581398167307773,0.0,0.0,-0.00015,0.0,-0.00806770410458879,-0.04141346612472666,0.0,0.011462845643329826,0.0,-0.00015,0.0,-0.021156057346882744,-0.02832511288243271,0.0,-0.00162550759896413,-0.0,-0.0,-0.03468142697509044,-0.0006,-0.0,-0.015150877227171827,0.0,-0.0016245418155438093,-0.048006628413771645,0.0,0.018056007932374805,-0.027112971226636307,-0.0006,0.0,-0.007282421478717691,-0.04948117022931545,-0.028804588490110094,0.0,-0.0006,-0.02995062048139684,-0.00867403874219148
2023-10-31,-0.0003,-0.011873241444184094,-0.02790502480275581,0.030786731096651254,0.009757831861480762,-0.008124381004328964,-0.0,-0.03676663589399971,0.011511176796370419,-0.002141589667355377,-0.018173373025927093,0.0,0.019489483638309477,0.0016072707724997526,-0.0006,-0.02703498411717099,0.021242828573199136,-0.0,-0.042659972540835346,0.0,-0.0003,-0.006905444787301804,-0.0,-0.0003,0.0,0.0,-0.0003,-0.02353722814587352,-0.0,0.039116201599126224,-0.0,-0.03906111210098022,-0.0006,-0.06770336699065096,-0.019425554300280836,-0.0003,0.014125628518363052,-0.0,-0.0003,-0.0034565843474466743,-0.0006,0.0,-0.03209883923711742,0.01617897345325271,-0.0006
2023-11-30,0.0,0.017098843783448826,-0.0003,-0.00015,-0.0003,-0.021054687972100982,-0.0,-0.0006,-0.030288475989881197,0.02237747786116236,-0.0003,0.0,-0.0003,-0.02633332204981452,0.05266200594345056,-0.0006,-0.035567110067594734,0.0,0.03068902370592642,0.002256403730319009,-0.0036558441886521565,-0.0006,-0.006343282590658618,-0.012889632206432371,0.02778260565184256,-0.0008000143237648517,-0.006712262242736017,-0.0006,-0.0,-0.015646050260516232,-0.0,-0.00015,0.06067355178821462,-0.0006,-0.00015,-0.0,0.03284093181260721,-0.0,-0.0,0.026928683893636042,0.0017874384020064617,-0.0,0.02454124549162958,0.017694895875855828,-0.007446349615773753
2023-12-31,-0.0,-0.015197147657582958,0.0,-0.0,-0.0,-0.0003,-0.014232076962024998,0.0,-0.0003,-0.033927103260970704,0.0,-0.0,0.0,0.023554278857591777,-0.03236203256541274,0.0,0.04086678706425752,-0.0,-0.03481632256648089,-0.02081219214853714,-0.01037282440337893,-0.0,-0.004557878807955801,0.006939683803286814,-0.030810443857595477,-0.01680631343965173,-0.006366945694493521,0.0,-0.001152000099070391,0.010945562512172224,0.0,0.0,-0.03325125187092293,0.0,0.0,0.0,-0.01924712145297918,0.0,0.0,-0.00880775370782097,-0.0006,0.0,-0.0029928081123978406,0.008504754498844774,-0.0006
2024-01-31,0.0,-0.010499309136138613,0.0,-0.0,0.0,0.025805211730087648,-0.009952771241367217,-0.0,0.023684147589853696,-0.0003,0.0,-0.0,0.0,0.023198171101356635,-0.0006,-0.005813008203752919,0.021077106961122687,-0.0,-0.015660206812031795,-0.0016935914470074288,0.015605902593949037,-0.0,-0.012805276711160518,0.013484838453715085,-0.00015,0.005083059139733939,0.022382553180690407,0.0,-0.006028626124419151,0.02026148904045645,0.0,0.03111610940598083,-0.0151136689172604,0.0,0.02899504526574688,0.0,-0.0011470535522360333,-0.0,0.014878429900722514,0.016152440488720433,-0.0,-0.0,-0.012258738816389123,0.014031376348486481,0.025690115164875606
2024-02-29,-0.0,-0.0003,0.0,-0.0,-0.0,-0.0003,-0.019211348173759205,0.0,0.011119039415473368,-0.0023783340485499845,0.0,0.0,-0.001761736408882174,0.02370755738215469,-0.02231370893639392,-0.0006,0.013621400178108081,0.0,-0.00015,-0.0003,-0.0003,-0.024392042984943903,-0.0006,0.015699734226658067,-0.0,-0.0003,0.006134165802584992,-0.00474031735682422,-0.0006,-0.003951991401461616,-0.0,-0.00015,-0.021422133779857907,0.0,0.01332982502157207,0.0,-0.023175445345276092,0.0,0.015083136586990255,0.0019938484457607715,0.0,-0.0,0.009960793073896235,-0.008092308758285836,-0.01805310183218207
2024-03-31,-0.0,-0.0,-0.002107776830098964,-0.0,0.0,0.009718381385817617,-0.013073255510763243,0.0,-0.0003,-0.0003,0.0,-0.0,-0.0003,0.010827538319327765,-0.0006,0.0,-0.0003,0.0,-0.0,0.0,0.014333385476930893,-0.01768825960187652,0.0,-0.0003,-0.0,0.0,0.008210604555718653,-0.0006,0.016156365007003643,0.03287906251440631,0.0,0.020562706186366356,-0.023767580311311983,0.0,-0.00015,0.004855114682907927,-0.008209988807853553,0.0,-0.0003,-0.003054874124945626,-0.009145760451284988,-0.024968457958687656,0.005490886326339362,0.02161358383374203,-0.0006
2024-04-30,-0.0,-0.0,-0.0003,0.0,0.0,0.0021708942285866544,0.03725965135087961,-0.0,0.0,-0.0,-0.0,-0.01778746770633561,0.0,0.005488475430434471,0.03334207014903179,-0.0,0.0,-0.0,0.0,0.0,0.00984627382977611,0.02958427174969015,-0.0,0.0,-0.037606006427726046,0.0,0.02530701415182491,0.013523531427641348,-0.0006,-0.0003,-0.0072844205943555325,-0.012148992275901138,0.0515795378553674,-0.0,0.0,-0.005014571681545605,0.044445117261011864,0.032783922576403286,-0.00964779105932394,0.03943054557946626,0.028369350894857683,-0.014362362740869545,0.011061194684608575,0.0537929083203358,0.0
2024-05-31,-0.0057268344059136535,-0.0,-0.0,-0.0,-0.010460935580916661,-0.014685041717453497,-0.0006,-0.006823424808361494,0.014086716421207237,-0.0,-0.0,-0.00015,-0.0,-0.009258207311539843,-0.006425282910052494,-0.0013965904024478403,0.0,0.0,0.0,0.0,0.003271877306312035,-0.018955367527904374,0.011133494215404039,0.0,-0.00015,-0.0,-0.008029815770358585,-0.0006,-0.00016819886126658295,0.0,-0.00015,-0.0014307774144104637,-0.0006,0.0064308394946815395,0.0,-0.004524106136536836,-0.011159384085055502,0.0027375107725551677,-0.0003,-0.015683490221592336,-0.0006,-0.029071758138660732,-0.007221873312500335,0.013388267917068396,-0.02121014122956873
2024-06-30,-0.0003,0.0,0.0,-0.009614748530516855,-0.0003,-0.009022290350280838,0.0,0.021171197988139646,-0.0003,-0.038245347342650234,-0.04053650386965903,-0.0157447428764371,0.0,-0.0028922960043605925,-0.04030085067232876,-0.0006,-0.0,0.0,-0.0,-0.01325375796695423,-0.04083764334701082,-0.0006,-0.01064415500859034,-0.08570642598072928,-0.0,-0.015544914493963023,-0.043128799874019616,0.0,-0.012935311535599132,-0.08799758250773806,0.0092468464992589,-0.018487038880797693,0.0,0.011706449457622791,-0.06320582151451615,-0.027883885380056594,-0.01530926129663276,-0.0006,-0.0,-0.04319314667668935,0.0,0.044568782633718454,-0.012999658338268869,-0.08776192931040781,-0.0006
2024-07-31,-0.001958537929684938,-0.0,-0.0,-0.00015,-0.001779084384787551,-0.011006962691485878,-0.0,-0.019960735683901866,-0.0,0.011353213169035089,-0.0003,-0.022382534710864366,-0.00012054645510261279,-0.0003,-0.0006,-0.0,0.0027812919388923874,-0.015082171910898256,0.0,0.011532666713932476,0.0020047884072341496,0.0,-0.006948984585181839,-0.0003,-0.04866791979079771,0.026314838624830732,-0.0003,0.0,-0.0006,-0.023654093141040958,-0.02220308116596698,-0.031730959472665306,-0.0,-0.040684732465081294,-0.00015,0.008927878306698327,0.0059814889585430575,0.017881651299114315,0.0029607454837897746,-0.0006,-0.0,-0.006267132822908552,-0.012500162340571257,-0.0006,-0.01582090581532454
2024-08-31,-0.013097106923481483,-0.0,-0.01267668299175734,0.0,0.008780773439481795,-0.0003,0.0,-0.004094442564276075,-0.0,0.004004841306288805,0.0,-0.019815577667124877,-0.0003,0.0,-0.014647561030501688,0.0,-0.0054136692951836565,0.004725265238012949,0.0,0.02588272166925208,0.021471754161615626,0.0,0.013007505665494213,0.0,-0.019095153735400733,-0.0003,0.0,-0.013927137098777544,0.0,-0.004693245363459513,0.0020623026958383997,-0.0023486648117980557,-0.0,-0.01081291330791947,-0.0,0.0044109675076364555,0.007830319332461588,-0.0006,0.01646421106777962,-0.0,-0.0,0.012053243560143164,-0.005044896671296282,0.008033891735318033,0.0035889950640217508
2024-09-30,-0.014354285363682395,-0.030198300774760642,-0.0003,-0.0,-0.0003,-0.0,-0.019026216267566346,-0.0006,-0.038232319662625004,-0.0003,0.0,-0.00015,-0.009857950601332174,-0.0,-0.0006,0.0127980946784997,-0.024178034298942608,0.009218893972268973,-0.057559297615671114,-0.02570196601241042,-0.03030818059817153,-0.0,-0.0027459207325785454,0.0,-0.00015,-0.035220859984679394,-0.0,0.020690978479463266,-0.012564814704847518,0.0011848750844046102,0.0317073316032607,-0.00015,-0.046537213108476826,0.05466337688309257,-0.06559331650353548,0.004606214585761111,-0.014229881505216126,0.0,-0.03373598490027478,-0.019436096090977236,0.026962259865592985,-0.03834219948603589,0.008726163774615749,-0.0006,-0.010779939620442908
2024-10-31,-0.0003,-0.0003,-0.0,-0.0,-0.024134847501851745,-0.0,0.02677577911777494,-0.0,0.03909995080037363,-0.0,-0.00597308907095979,-0.0,-0.005879548361055638,0.0,-0.0,0.009870534372566792,0.021144651659577525,0.00040775240779257916,-0.00015,0.00020129311769673166,-0.0003,-0.0,0.01595137585131916,0.014763810180825156,0.0063601224906887025,-0.0003,-0.016939565521818762,0.0031473909060190423,-0.0006,0.015471562588617736,0.006303663200592855,0.0,-0.0006,0.022053745934215285,0.008961440097929032,-0.016846024811914606,0.0029409316159231948,0.0,0.015265103298521886,-0.0006,-0.0010959420782921774,0.032111128110436496,0.018691014349545624,-0.0,0.031015186032144315
2024-11-30,0.005592310372778374,-0.0322981811602824,0.03520960080926079,-0.0,-0.0003,0.0,-0.00722373940239476,-0.0,-0.0003,0.0,0.04140191118203917,-0.014161848853419068,0.013888694446860398,0.016212115442449028,0.0,0.0006012144685711047,-0.0003,0.0035114196489783936,-0.05205234038647984,-0.024001797086200375,-0.021678376090611746,-0.0,-0.037289277064489666,-0.0003,0.05541376003545823,-0.0,-0.0003,0.028285861406866033,-0.0,0.006533104756474027,-0.00015,0.0,-0.0277278986285922,-0.0006,-0.00015,-0.0003,0.0007726446716872643,-0.0,-0.02098011197870474,0.0027960656672758946,-0.0006,-0.01835669098311611,-0.012514835306602029,0.0,-0.03426759195699403
2024-12-31,-0.0003,-0.0003,-0.009103258946151941,0.0,0.008303190876414956,0.0,-0.0006,0.0,0.00844107808212096,-0.0,-0.018295203026502734,-0.00015,-0.0005887532039358387,-0.000182808667790536,-0.0,-0.005734790946127426,-0.0,-0.003527293687729572,-0.00015,0.014179156134837324,0.014585100670982627,0.0,0.009033118392645737,-0.0,-0.012680098358532581,0.0,0.0,-0.005611383752786058,0.0,-0.0003621808640309806,0.0048763514640343154,0.005282296000179618,-0.0006,-0.0007196862781572723,-0.0,0.0,0.012095066069780839,-0.0,0.017344268958535917,0.012501010605926142,-0.0,0.01775021349468122,0.006949028327589251,-0.0,0.012198231216344328
2025-01-31,-0.0,0.0,0.010863267527404224,-0.0,-0.0016075174570092249,-0.005645776258337341,-0.0,-0.030511915338154037,0.02567579623248751,0.0,0.023631954657906955,0.0,0.011161169673493504,0.007422910872165388,0.0,-0.01714322820765131,-0.0,0.0068172480524287355,-0.0,-0.005653536931984714,-0.009391795733312829,-0.0,-0.033957934813129524,0.029421815707463,0.01181681165718383,-0.0,-0.0,0.01620850625187106,-0.0,0.036539063759891736,-0.0006539733272296192,-0.004392232128557735,-0.0,-0.028958371208374432,0.024572252102707904,-0.0,0.0037377212674576097,-0.0,0.024068278775478284,-5.375338705060698e-07,-0.0,0.020330019974150168,-0.024566676613687204,-0.0,-0.004236119105666528
2025-02-28,0.0,0.0,0.02498454190113604,0.0,0.033220823931721516,0.019345322214904294,-0.0,-0.02638279799769029,-0.03412812056453227,0.0,0.01320018817430092,0.0,0.021436470204886395,0.007560968488069173,-0.0,-0.03816715172452541,-0.022643766837697157,-0.0070510202853770985,0.0,0.0011852617452083776,-0.012690239971608846,-0.0,-0.05841836018420343,-0.002092558378019135,-0.010838891237074681,0.0,-0.0,0.05468963002492434,-0.0,-0.009143578663396233,-0.002602609206489205,-0.01647811092330643,-0.0,-0.06220623113590101,-0.00015,-0.0,0.06292591205550982,-0.0,-0.0009072966328107575,0.0490504103386926,-0.0,-0.01478279834962798,0.0033222901260980126,-0.06443320868832059,-0.060510918562222564
2025-03-31,0.0,0.0,-0.0003,-0.048541439163243764,-0.0003,-0.0003,-0.03528031942656685,0.00990908157980195,-0.0019060652566897651,0.0,-0.011271926016063014,0.0,-0.0003,-0.0003,0.0,-0.004228531064656718,0.012231547387768903,-0.0003,-0.025723610295126452,-0.0003,-0.0003,-0.012462490558449531,-0.012908747288315366,0.02091176361142755,-0.04552575253484811,0.0,-0.0,-0.03181463279817119,0.0,0.0009596213717058891,-0.039238932244921795,-0.06876725740680494,-0.0,-0.03848235758344182,-0.0,-0.0,-0.025527812508244874,0.00015657466147997792,0.007246441661632207,-0.055056137670128014,0.029684899823363118,-0.022281883500250933,-0.024771237846764896,-0.0006,0.008003016323112185
2025-04-30,0.011000898192586574,-0.0,-0.0,0.0019470758434828323,-0.0,0.0,0.018993971074075366,-0.007095894424222787,-0.012090745264285075,0.0,0.003531096615332778,0.0,0.0,0.012734394785886363,-0.0,0.004205003768363787,-0.02339164345687165,-0.0008971917409263171,-0.00015,0.0,0.0,-0.0006,7.671541210469215e-05,-0.019263355100612552,-0.005822725733770964,0.0,0.0,0.011224169496821569,0.0,-0.01986054684153887,-0.0030009247780656174,0.003680572436782621,-0.0,-0.005148818580739955,0.0,0.0,-0.0006,-0.0021478938026743373,-0.017038745885833526,0.020727467667375155,-0.008829391017522576,-0.010357248670985286,0.011898076649852578,-0.031684716338360445,-0.01918663968850786
2025-05-31,-0.016249979826795224,0.0,0.0,-0.03482969612999967,0.0,0.0,-0.0006,-0.02696162169791049,-0.037989502644046734,-0.0,-0.0003773390527670069,0.0,0.010352565201954484,-0.013985929959497729,0.0,-0.0006,-0.021739522817251514,0.001979365108633113,0.0,0.012709269363354604,-0.011929225798097609,0.0,-0.0006,-0.02409622697865163,-0.018957055355971454,0.0,-0.0,-0.007409335901107922,-0.010488980923882275,-0.022116861870018517,-0.007927151101249964,-0.032565646262702176,-0.0,-0.0006,0.0,-0.0,0.0030205683536135685,-5.907666916078421e-05,-0.011086957615297028,-0.021017926807838642,-0.024697571830612997,-0.03572545277674924,-0.0006,-0.014707525968910597,-0.0006
2025-06-30,-0.006169591616614806,0.00847081386329959,0.0,0.031204124895210707,-0.0,-0.0,0.009632073327755428,-0.0006,-0.015659198313436175,-0.0,-0.0033946657944132416,-0.0,-0.019634693943599988,-0.010689693470549017,-0.0,-0.006532245127319789,-0.009489606696821369,0.011545739685501155,-0.0,-0.004694288463685591,0.00425071200936538,-0.0,0.008408160352594608,-0.0003,0.03397905071741227,-0.0,-0.0,-0.0006,-0.0006,-0.01288427249123461,0.017739022568225526,0.026684023041276497,0.0,0.030841471384505725,0.0,0.0,-0.0006,-0.0006,-0.029124300640421357,0.005711971473821218,-0.0006,-0.020179300167370386,0.009869419817050445,-0.025891271641191604,-0.016021851824141158
2025-07-31,0.0008158970617807432,-0.0035639092134991356,0.0,-0.020853270325834315,-0.013875124856018625,0.0,0.004128837381512249,-0.0,0.0007927951934599033,0.0,-0.0003,0.0,-0.0003,0.009556873290285154,-0.0,-0.007807926159537584,-0.0003,-0.0003,0.0,-0.0003,0.005177067015005275,-0.0,-0.012187732434817463,-0.0,-0.00024944375952854706,0.006728701710287143,-0.012162850337801357,-0.0,-0.029827649787624096,-0.0003,-0.00015,-0.012112294097329904,-0.0,-0.029477093547152642,-0.0,-0.005134148627514214,-0.0,-0.022798948077336952,-0.0003,0.01286981361001666,-0.0,0.009533771421964314,-0.004494985839806079,-0.0006,-0.007831028027858424
2025-08-31,-0.006793406605884161,0.008406119264226667,-0.02031743511423933,-0.0014352626001778207,-0.017326986851356516,0.0,0.0054074690856968765,-0.0,-0.011921896601455565,-0.015499525870110827,0.01292402850835517,-0.0,0.0,-0.005471242551074084,-0.0,-0.009023653991212393,0.0,0.0,-0.009991381864404488,0.0,0.009728283319036742,0.0,-0.0006,0.0,0.01858217251406151,-0.0003,-0.018695271059429253,-0.0,-0.0006,-0.0,0.0,-0.00011309854536774386,-0.0,-0.003665509985506053,0.0,-0.01600482279654644,-0.0,-0.019557234236684748,-0.0,0.006729633140506954,0.0029524114401383093,-0.01059973254664549,-0.0006,0.0,-0.0006
2025-09-30,-0.0003,-0.0003,-0.0003,-0.00015,-0.01174462525342515,-0.007674875808065156,-0.0006,0.0076200709594074385,-0.0003,-0.0003,-0.009569018241322298,-0.022975577477281295,-0.01582945253265395,-0.011759703087293953,-0.0,-0.0006,0.0,0.0,-0.00015,-0.0037758135359849832,0.00029393590937501143,0.0,-4.874075803272895e-05,0.0,-0.00015,-0.00626043429133165,-0.0021906848459716556,0.0,0.002435879997313938,0.0,0.007146124944627346,0.011065874389987341,0.0,-0.011420679238645058,0.0,-0.0003,-0.006680811887370115,-0.004124554294017712,-0.036292382916940195,-0.0023110624420101204,0.0008451951513422824,-0.032222633471580206,0.002556257593352403,0.0,0.03246782862292248
2025-10-31,-0.0,0.0,0.0028125230459950567,0.0,0.0023179521220611557,0.007886440143966045,0.0026545936169621864,-0.0006,0.0,0.0,0.007109909332629364,-0.00015,0.006315338408695464,0.011883826430600354,0.006651979903596495,0.0,0.0,-3.715882294323816e-05,0.0,-0.000531729746877139,0.00503675827502775,-0.00019508825197610822,-0.0006,0.0,-0.0005741626280561809,-0.0007945709239339008,-0.0003,0.0,0.0036774332509442596,-0.017204595085132942,-0.0012187335519900817,0.0043497544699148075,-0.0,-0.0006,0.0,-0.005868488021904889,-0.0009366414949010307,0.002882862327010359,-0.01769916600906684,-0.0006,0.008451350348915247,-0.01213067798716195,-0.0006,0.0,-0.0006
2025-11-30,-0.0,0.007076967704372664,-0.0003,0.0,-0.007479488879806562,0.0008005324249121155,-0.0006,-0.012045053964616846,0.0,-0.0,0.013914730665434298,0.0,-0.001879751055288599,0.006400270249430079,-0.0006,-0.006445316140098883,0.0,0.015691960545289,0.017320410432734343,-0.00010252117543389783,0.00817750012928478,-0.0006,-0.004668086260244182,0.02400886084928819,-0.00015,-0.0003,-0.00781446041600422,0.001102408951028572,-0.02096004680553318,-0.0003,-0.01757293160816824,-0.009292910303449564,-0.0,-0.022138496692978526,0.0,-0.0003,-0.014092072769694326,-0.0006,-0.0003,-0.006412051464975648,-0.0006,-0.016131360720003412,-0.01865763785450461,0.0,-0.028976947109532372
2025-12-31,-0.0,-0.0003,-0.0,0.0,-0.0003,-0.014608455769190409,-0.0,-0.02666482391158795,-0.0,0.026546333393540244,-0.0003,0.0,-0.0003,-0.005011831333598688,0.028824218730017684,-0.01706819947599623,0.0,-0.0008079122361106944,0.04770485113394188,0.03748234170910343,0.021834502059941557,-0.0,0.009778133917544014,0.03428753758042445,0.0,0.0,0.022642414296052252,0.0017699731003667438,0.010586046153654709,0.0,-0.00015,-0.02587034907400032,0.04968273647041931,-0.037926717216397864,-0.0,-0.015947839649161875,-0.0006,-0.028304207791559417,-0.0,0.024412387396418996,-0.0,-0.012453035520482894,0.012356019254021453,0.0,-0.024509403662880437
2026-01-31,0.0,0.024200788625855923,0.0,-0.0,-0.0002937192463949128,-0.006765927175898811,0.0148320098723023,-0.0006,0.0,0.03788715661914192,-0.0,-0.0,0.013092648746891086,-0.0003,0.028818377865588298,-0.0006,-0.0,0.02694572653172002,0.01783172354920978,-0.0003,0.017734861449957114,0.0,0.03664885195683737,0.03124606456987437,-0.0,0.002151218659469179,-0.0003,0.01787694777816639,-0.0006,0.0,-0.006812784323041059,-0.00015,0.008762944795656154,-0.0006,0.0,-0.006759646422293724,-0.0,0.012154344084586535,0.0064515566976235325,0.008666082696403489,0.0,-0.013511203119917256,0.027580073203283748,0.021577285816320745,-0.0006
2026-02-28,-0.0,-0.010477012001346177,0.0,-0.0,-0.0003,-0.0003,0.003213760116199827,0.0,-0.0,-0.017639707640623437,0.0,-0.0,-0.004177757811356455,0.0,-0.003948935523077433,0.0,-0.0016839406109480943,0.012803926907759534,-0.037882351985709946,-0.013761949829266982,0.00854884835441113,-0.0,0.01900636398715541,-0.016255767029675343,-0.0,0.026265876737026517,-0.0,0.02649469902530554,0.0,-0.0,-0.00015,0.0,-0.02419157986816394,0.0,0.0,-0.0003,-0.0003711777117209777,0.032468313816422394,-0.0003,0.022239620471957135,0.0,-0.0003,0.032697136104701416,-0.0025649949121293383,0.03466213101683075
2026-03-31,-0.0,0.030474639530733368,-0.0,0.0,-0.0,-0.0,-0.0006,-0.0,0.0,0.01757553568885326,-0.0,0.0,-0.0003,0.0,-0.0006,0.0,-0.0003,0.01704320971982254,0.04727385131895419,0.023603435092154568,0.024679758235363905,-0.001301736703787363,0.018657195153587373,0.03434031625188985,-0.03038064159913165,-0.006560225372332029,0.0,0.0177449464236099,0.0,0.0,-0.0,-0.0,-0.0006,-0.0,-0.0,0.0,-0.0006,-0.0006,0.0,-0.0006,-0.0,0.0,-0.0006,-0.0006,-0.0006
2026-04-30,0.0,0.006995963363398165,-0.0,-0.0,-0.008449826299418827,-0.004568319680628973,0.011004882486522323,-0.0,0.0,0.00895337637336888,-0.0,-0.0,0.0,-0.00652573269059969,0.01296229549649304,-0.0,0.0,-0.014314167827409406,0.001369746453791747,0.015145789662816992,0.0027276436827691915,-0.004608919123124158,-0.0003706419711886409,0.02003742571636788,-0.00015,-0.029459957490226396,0.0,-0.009705248704285248,0.0,0.0,0.0,0.0012078972289774445,0.005378665576915905,-0.0,0.0,-0.0127181459800478,-0.0,-0.016116431634005633,0.004591636053550889,0.00673656280589335,-0.0,0.0,0.0036382771519355168,0.02404634483949204,0.0
2026-05-31,-0.0,-0.014490061068063862,0.0,-0.0,-0.0003,-0.0003,-0.045191380230756625,0.027901926957933962,-0.0,-0.02240352059191086,0.0,-0.0,0.0,0.020997611616397138,-0.0006,0.03581538648178095,0.006971239557571526,0.016791207913486567,-0.03853311233696878,-0.0073017629231126036,-0.0014059089755137227,-0.0006,0.0140118658898701,-0.015132281034339334,-0.0,0.02409297083659917,-0.0,-0.0139101112492062,-0.0,-0.0,0.0,0.03712720336145506,-0.0006,0.05194497822683888,0.023250831302629445,0.005895853947598881,0.0,0.021313628812982703,-0.00783051811122673,-0.03210722813820649,0.0,-0.0,-0.016689453272822667,-0.0458336001970321,-0.0
2026-06-30,-0.0084440500395116,-0.0003,-0.02654554687214237,0.0,-0.0039443097780403665,0.010345633845207876,-0.0006,-0.0006,-0.011808670362057155,0.0006361654372229464,-0.0,0.0,0.0,0.018789683884719476,-0.0,-0.0006,-0.0003,-0.01746533139540782,0.016528755393580435,0.00513590569869418,0.019425849321942423,-0.027817245112365607,-5.976221742158214e-05,-0.0027284548853226086,-0.034144086788988254,-0.0003,0.0,0.009751913716957786,-0.01800556917798624,0.0,-0.011542849694886255,0.0028970939283619874,-0.0,-0.0006,-0.00015,-0.0003,0.03175315081105978,0.003995667916115763,0.007264360584016789,0.04664309443430803,0.018885611539364005,0.02185430420726503,-0.0006,-0.0006,-0.0
2026-07-31,-0.0003,-0.0,-0.0003,0.0,-0.0034323521951702685,0.010841562364727898,-0.0,0.013815321174320667,-0.0003,0.014308508135689513,0.0,0.0,-0.005032491878701368,0.009541422681196798,-0.0,0.0,0.0,-0.0003,0.020334231705793498,0.009576016256988144,0.02384993081688631,0.004412465198516631,0.027423689626479078,0.026159239636308368,-0.00015,-0.005552831174366178,0.008721083385531988,-0.0006,0.011394842195124759,0.0,-0.010758215448805354,0.003515699111092812,-0.0,0.0,0.0,0.0,0.005163551058471513,-0.0006,-0.016583223379320226,0.01943746561836968,-0.00357375880959277,-0.0023093088194220597,0.0,0.0,-0.0
2026-08-31,-0.0,0.0,0.0,-0.024988257632865944,-0.0003,0.010194071886351533,0.0017085928547184992,0.019363449843630802,-0.0,-0.0003,0.0,-0.0,-0.0003,0.014029697794953926,0.0,0.022599075752233196,-0.0,0.0,-0.00015,-0.0003,0.005318265266213023,-0.002567213765420011,0.014487643223492292,-0.0003,-0.049032998184589595,-0.0003,-0.013850668665372122,-0.022336147697005156,-0.004681290708092853,-0.0,-0.00015,0.035032329519217476,0.0,0.04360170747649674,-0.0,0.008791837572667919,-0.0006,0.017661215529947188,-0.0003,0.007885479031633034,-0.0006,0.04855542742791014,0.0,-0.0,0.05712480538518941
